"","AR","beta_catenin","Caspase8","Caspase9","EGF","EGFR","HSP27","IGF_1","IGF1_R","IL6","IL6R","Jak","MEK","mTOR","MYC","NFkB","p53","PI3K","Rac","RAS","RPS6","Stat3","TNFa","TNFR","AKT","Cell_cycle","ERK1_2","GSK3","IKK","JNK","p38"
"23132-87",1,1,1,1,0,0,0,1,0,0,0,0,0,1,0,0,1,0,0,1,1,0,1,1,NA,NA,NA,NA,0,0,NA
"5637",0,0,1,1,0,1,0,0,1,0,0,0,0,1,0,1,0,0,0,1,1,1,1,0,1,NA,NA,NA,NA,1,0
"639-V",0,1,1,0,0,0,0,0,0,0,0,0,0,0,0,0,1,1,1,1,0,1,0,1,NA,NA,1,NA,NA,0,NA
"647-V",0,1,1,0,1,0,0,0,0,0,0,0,0,1,0,0,0,1,0,1,0,0,1,0,1,NA,1,NA,1,0,1
"697",1,0,1,0,1,0,0,1,0,0,1,0,0,1,1,1,0,1,0,1,1,0,1,0,NA,NA,NA,0,NA,NA,0
"786-0",1,1,1,1,1,1,0,1,0,0,0,1,0,1,0,0,0,1,1,0,1,1,1,1,1,NA,NA,1,0,NA,0
"8-MG-BA",1,1,1,1,1,0,0,1,0,0,0,0,0,1,0,0,1,0,1,1,1,0,1,0,NA,NA,NA,1,NA,0,0
"8505C",1,1,1,0,1,1,0,1,1,1,0,0,0,0,0,0,1,0,1,0,1,0,1,1,1,NA,0,NA,NA,0,0
"A101D",1,1,1,0,1,0,1,1,0,0,1,0,0,1,0,0,1,0,0,1,1,0,0,1,1,NA,NA,NA,NA,0,0
"A172",1,0,1,1,1,1,1,1,0,0,0,0,0,0,0,0,1,0,1,1,1,0,1,0,1,NA,NA,NA,NA,0,0
"A204",0,0,1,0,1,0,1,1,0,0,0,0,0,1,0,0,1,0,0,1,1,0,1,1,1,NA,NA,NA,0,0,0
"A2058",0,1,1,0,1,0,0,0,1,0,0,0,0,1,0,1,1,1,0,0,1,1,1,0,1,NA,NA,NA,NA,0,NA
"A253",0,0,1,0,1,1,1,0,1,0,1,1,0,1,0,0,0,1,1,0,0,1,1,0,1,NA,1,NA,0,NA,0
"A2780",0,1,1,0,0,0,0,1,0,0,0,0,0,1,0,1,1,1,0,1,1,0,1,0,NA,NA,1,NA,0,NA,0
"A3-KAW",0,0,1,1,0,0,0,1,1,0,1,1,0,1,0,0,1,0,0,1,1,1,1,0,1,NA,NA,0,NA,NA,NA
"A375",1,1,1,1,1,0,0,1,1,0,1,1,0,1,0,1,1,1,0,0,1,1,1,0,1,NA,1,1,NA,0,0
"A4-Fuk",0,0,1,1,1,0,1,1,1,0,1,0,0,1,0,0,1,0,0,1,1,0,1,0,1,NA,NA,NA,0,NA,0
"A427",1,0,1,1,0,0,1,1,0,0,1,0,0,1,0,0,0,0,1,1,1,0,1,0,1,1,NA,NA,NA,NA,0
"A431",1,0,1,1,0,1,0,1,1,0,0,0,1,1,0,0,0,1,1,0,1,0,1,0,NA,NA,NA,NA,1,NA,0
"A498",1,0,1,0,1,1,1,1,0,0,1,1,0,1,0,0,0,0,1,0,1,1,1,1,NA,NA,NA,NA,0,0,0
"A549",1,1,1,1,1,0,0,1,1,0,1,1,0,1,0,0,0,0,0,1,1,0,1,1,1,NA,NA,NA,1,NA,0
"A673",0,0,0,1,1,0,1,1,1,0,0,1,0,0,0,0,0,0,0,1,0,0,1,0,1,NA,NA,0,NA,0,NA
"A704",1,0,1,1,1,1,1,1,0,0,1,1,0,1,0,0,0,0,1,1,1,1,1,1,NA,NA,NA,0,NA,NA,0
"ABC-1",0,0,1,0,1,1,0,1,1,0,0,0,0,1,0,0,1,1,0,0,0,0,1,0,NA,NA,1,NA,NA,NA,1
"ACHN",1,1,1,0,1,0,1,1,1,0,1,1,0,1,0,0,0,1,1,1,1,1,1,1,1,NA,1,0,0,NA,0
"ACN",0,1,1,1,1,0,0,0,1,0,1,0,0,1,0,0,0,1,0,0,1,1,1,0,NA,NA,1,NA,NA,NA,0
"AGS",1,1,1,1,0,0,0,1,1,0,0,0,0,1,0,0,0,0,0,1,1,0,1,1,NA,NA,NA,NA,NA,0,NA
"ALL-PO",1,0,1,1,1,0,0,1,1,0,1,0,0,1,0,0,1,0,0,1,1,0,1,1,1,NA,NA,0,NA,NA,NA
"AM-38",0,0,0,1,1,1,0,0,1,0,0,0,0,1,0,0,1,0,0,1,1,0,0,1,1,NA,1,NA,NA,0,0
"AN3-CA",1,1,1,1,1,0,1,1,0,0,0,0,0,0,0,0,1,0,0,1,0,0,1,0,NA,NA,0,NA,1,NA,0
"ARH-77",1,0,1,1,1,0,1,1,0,0,0,1,0,1,0,1,0,1,0,0,1,1,1,0,1,NA,1,0,NA,NA,0
"AsPC-1",0,0,1,0,0,1,1,0,1,0,1,1,0,1,0,0,0,0,1,1,0,0,1,1,NA,NA,NA,NA,NA,0,0
"ATN-1",0,0,1,1,1,0,0,1,0,0,1,0,0,1,0,0,1,1,0,1,1,0,0,0,NA,NA,NA,0,NA,NA,0
"BALL-1",1,0,1,1,1,0,1,1,0,0,0,0,0,0,0,0,1,1,0,1,1,0,1,0,1,NA,NA,NA,NA,NA,0
"BB30-HNC",0,0,1,1,1,1,1,1,1,0,1,0,0,1,0,1,0,1,1,1,1,1,0,1,1,NA,1,NA,0,NA,0
"BB49-HNC",1,1,1,0,1,0,0,0,1,1,0,1,0,1,0,0,1,1,0,0,1,0,1,1,1,NA,NA,NA,0,0,0
"BB65-RCC",0,0,1,1,1,0,1,1,0,1,0,1,0,1,0,0,0,1,0,0,1,0,1,0,NA,NA,NA,0,0,NA,0
"BC-1",0,0,1,1,1,0,0,1,0,0,0,0,0,1,0,1,1,0,0,1,1,0,0,0,NA,NA,NA,0,NA,NA,NA
"BC-3",0,0,1,1,0,0,0,0,1,0,1,0,0,1,0,0,1,0,0,1,1,0,1,0,NA,NA,1,NA,NA,NA,NA
"BCPAP",0,1,1,1,1,1,0,1,0,1,0,1,0,1,0,0,1,0,0,1,1,0,1,1,NA,NA,0,NA,0,NA,0
"BE-13",0,0,1,0,1,0,0,0,0,0,0,1,0,1,0,0,0,1,0,1,1,1,1,0,1,NA,NA,1,NA,NA,NA
"Becker",1,0,0,0,0,0,0,0,1,0,1,0,0,0,0,0,1,1,0,0,0,0,1,0,1,NA,1,0,NA,NA,0
"BEN",1,0,0,1,1,0,0,1,1,0,1,0,0,1,0,0,0,0,0,1,0,0,1,0,1,NA,NA,NA,0,0,NA
"BFTC-905",0,0,1,0,1,1,1,0,1,0,1,0,0,1,0,0,0,1,0,1,0,1,0,0,NA,NA,NA,0,NA,0,NA
"BFTC-909",1,1,1,0,1,0,1,1,0,1,1,1,0,1,0,0,1,0,1,1,1,0,1,1,1,NA,NA,NA,0,0,0
"BHT-101",0,0,1,0,1,0,1,0,1,1,1,1,0,1,1,1,0,1,1,0,1,0,1,1,NA,NA,NA,0,NA,NA,0
"BHY",1,1,1,0,0,1,0,0,1,0,0,0,0,0,0,0,0,0,0,1,1,1,1,1,1,NA,1,NA,NA,0,0
"BL-41",0,0,1,1,0,0,1,1,1,0,0,0,0,1,0,0,0,1,0,1,1,0,1,0,1,NA,NA,0,NA,0,0
"BPH-1",NA,NA,NA,NA,NA,NA,NA,NA,NA,NA,NA,NA,NA,NA,NA,NA,NA,NA,NA,NA,NA,NA,NA,NA,NA,NA,NA,NA,NA,NA,NA
"BT-20",1,0,1,0,1,1,1,1,0,0,1,0,0,1,0,0,0,1,0,0,0,0,1,0,NA,NA,1,NA,0,NA,1
"BT-549",1,1,1,1,1,1,0,1,0,1,0,1,0,1,0,0,1,0,1,1,1,0,1,1,NA,NA,NA,NA,NA,NA,0
"BV-173",0,0,1,0,1,0,1,1,1,0,0,0,0,0,0,0,1,0,0,1,1,0,1,0,1,NA,0,0,NA,0,NA
"BxPC-3",1,1,1,1,0,1,1,0,1,0,0,1,0,1,0,1,0,1,1,1,1,1,0,1,1,NA,NA,NA,NA,NA,NA
"C2BBe1",1,0,1,1,1,0,0,1,1,0,1,0,0,1,0,0,0,0,0,1,1,0,1,1,NA,NA,NA,NA,0,NA,1
"C32",0,1,1,0,1,0,1,1,1,0,1,0,0,1,0,1,0,0,0,0,1,0,1,0,1,NA,1,NA,0,0,0
"C3A",0,1,1,1,0,0,0,1,1,0,1,0,0,1,0,0,1,0,0,1,1,0,1,0,NA,NA,NA,NA,NA,NA,1
"Ca-Ski",0,0,1,0,1,1,1,1,1,0,0,0,0,1,0,1,1,1,0,0,1,1,1,0,1,NA,NA,NA,0,NA,NA
"CA46",0,0,1,1,1,0,1,1,0,0,0,0,0,1,0,0,1,1,0,1,1,0,1,0,NA,NA,NA,0,NA,NA,0
"Ca9-22",0,1,1,0,1,1,0,0,1,0,1,0,0,1,0,0,1,1,0,1,0,0,0,0,1,NA,1,NA,1,NA,NA
"CAKI-1",1,0,1,1,1,0,0,1,0,0,1,1,0,1,0,0,0,1,0,1,0,1,1,1,NA,NA,0,NA,NA,NA,0
"CAL-120",1,0,1,1,1,0,0,1,0,0,0,0,0,1,0,0,0,0,0,1,1,0,1,1,1,1,NA,NA,NA,0,0
"CAL-12T",1,1,0,1,0,1,1,1,1,1,0,1,0,0,0,0,1,0,1,1,1,1,1,1,1,NA,1,NA,0,0,0
"CAL-148",1,1,1,0,1,0,0,1,0,0,1,0,0,1,0,0,1,0,1,1,1,0,1,0,NA,NA,NA,NA,1,0,NA
"CAL-27",1,0,1,0,1,1,1,0,0,0,0,0,0,1,0,0,1,1,1,1,1,1,1,1,NA,NA,NA,0,0,0,0
"CAL-33",0,0,1,1,1,1,1,1,1,0,1,0,0,1,0,0,1,0,1,1,1,0,1,1,NA,NA,1,NA,0,NA,1
"CAL-39",0,1,1,0,1,1,0,0,1,0,1,1,0,1,0,0,0,1,1,1,1,0,1,1,NA,0,1,NA,NA,NA,0
"CAL-51",0,1,1,0,1,0,0,0,0,0,0,0,0,0,0,0,0,0,0,1,0,0,1,0,NA,NA,1,0,NA,NA,NA
"CAL-54",0,1,1,0,1,1,1,1,0,0,1,1,0,1,0,0,1,1,1,1,1,1,1,0,NA,NA,NA,0,NA,NA,0
"CAL-62",0,1,0,0,1,1,1,1,1,0,0,0,0,0,0,0,1,0,0,1,1,0,1,1,1,NA,NA,NA,1,0,NA
"CAL-85-1",0,0,1,0,1,1,1,1,1,0,0,1,0,1,0,0,1,0,1,1,1,1,1,1,1,NA,NA,NA,0,NA,1
"Calu-3",0,0,1,0,0,0,0,0,1,0,0,1,0,1,0,0,1,1,1,1,1,0,1,0,1,NA,1,NA,NA,0,0
"Calu-6",0,1,1,1,1,0,1,1,1,0,0,0,0,1,0,0,0,1,1,1,1,0,0,1,1,NA,NA,NA,0,NA,0
"CAMA-1",1,0,1,0,0,0,1,1,0,0,1,0,0,0,1,1,0,1,1,1,1,1,1,0,NA,NA,1,1,NA,1,NA
"Caov-3",1,0,1,1,1,0,1,1,0,1,0,0,0,1,0,0,0,0,0,0,0,0,1,1,NA,NA,1,NA,0,0,NA
"Caov-4",1,0,1,1,1,0,0,1,0,0,0,1,0,1,0,0,1,1,1,1,1,1,1,0,1,NA,0,NA,0,0,0
"CAPAN-1",0,1,1,0,1,0,0,1,0,0,0,1,0,1,0,0,0,0,1,1,1,1,0,0,1,NA,1,NA,NA,0,NA
"CaR-1",0,1,1,0,1,1,0,0,1,1,0,0,0,1,0,1,1,1,1,0,1,1,1,0,1,NA,1,NA,NA,NA,NA
"CAS-1",1,1,0,0,1,0,0,1,0,0,0,0,0,1,0,0,1,0,1,1,0,1,1,1,1,NA,1,NA,0,NA,0
"CCF-STTG1",1,0,1,0,1,0,0,1,0,0,1,1,0,1,0,0,0,1,0,1,0,1,1,1,1,NA,1,NA,NA,0,0
"CCRF-CEM",0,0,1,0,0,0,0,0,0,0,0,0,0,0,0,0,0,1,0,1,1,0,1,0,1,NA,NA,NA,1,NA,NA
"CESS",1,0,1,0,1,0,0,1,0,0,1,0,0,1,0,1,1,0,0,1,1,1,1,0,1,NA,1,NA,NA,NA,NA
"CFPAC-1",0,0,1,0,1,0,0,0,1,0,0,0,0,1,0,0,0,1,0,1,0,1,1,0,1,NA,NA,NA,NA,0,NA
"CGTH-W-1",1,0,1,1,0,1,0,1,0,0,0,1,0,1,0,0,1,0,1,1,1,0,0,1,1,NA,1,NA,NA,NA,0
"ChaGo-K-1",1,0,1,1,1,1,0,1,1,0,1,1,0,1,0,0,1,0,1,0,0,1,1,1,1,NA,1,1,0,0,NA
"CHL-1",0,1,0,1,0,0,0,1,1,0,0,0,0,1,0,0,1,0,0,1,1,0,1,0,1,NA,NA,NA,NA,0,0
"CHP-134",0,1,0,0,0,0,0,1,1,0,0,0,0,1,0,0,0,0,0,1,1,0,1,0,1,NA,NA,1,0,NA,0
"CHP-212",1,1,0,0,0,0,0,1,1,0,0,0,0,0,0,0,1,0,0,1,1,1,1,0,1,NA,0,0,NA,NA,0
"COLO-205",0,1,1,1,1,0,0,0,1,0,1,1,0,1,0,0,0,1,0,1,1,0,1,0,NA,0,NA,NA,NA,NA,NA
"COLO-320-HSR",1,0,0,1,0,0,0,1,1,0,0,1,0,1,0,0,1,0,0,1,1,0,1,0,1,NA,NA,NA,0,NA,0
"COLO-668",0,1,1,1,0,0,0,1,1,0,0,0,0,1,0,0,0,0,1,1,1,0,1,0,1,NA,1,0,NA,0,NA
"COLO-678",0,0,1,0,0,0,1,1,1,0,0,0,0,1,0,0,1,0,1,1,1,0,1,1,1,NA,NA,NA,NA,0,NA
"COLO-679",1,1,1,0,1,0,0,0,1,0,0,0,0,1,0,0,0,1,0,0,0,1,1,0,1,NA,NA,0,NA,0,0
"COLO-680N",1,1,0,0,1,1,0,1,1,0,1,0,0,0,0,0,1,0,0,1,1,1,1,1,NA,NA,1,NA,0,0,1
"COLO-684",0,0,0,0,1,0,1,1,0,0,1,0,0,1,0,0,0,0,1,1,1,0,1,0,1,NA,NA,NA,1,NA,0
"COLO-741",1,1,0,0,1,0,0,0,1,0,1,0,0,1,0,0,0,0,0,0,0,0,1,0,1,NA,NA,NA,NA,0,0
"COLO-792",0,1,1,1,1,0,1,1,1,0,1,0,0,1,0,1,0,0,0,1,0,1,1,0,1,NA,1,NA,0,NA,NA
"COLO-800",1,1,0,0,1,0,1,0,1,0,1,1,0,1,0,0,1,1,1,0,1,0,0,0,1,NA,1,NA,NA,NA,0
"COLO-824",1,0,0,0,0,0,0,0,1,0,1,0,0,1,0,0,0,0,0,1,1,0,1,0,1,NA,NA,NA,NA,NA,NA
"COR-L105",1,0,1,1,1,1,1,1,0,0,1,0,0,0,0,0,0,0,0,1,1,1,1,1,1,NA,NA,NA,0,NA,0
"COR-L23",1,1,1,1,1,1,0,0,1,0,0,0,0,0,1,1,1,1,0,1,0,0,1,0,1,NA,1,NA,NA,0,NA
"COR-L279",0,0,0,1,1,0,1,1,0,0,0,0,0,0,0,0,1,1,0,1,1,1,1,0,1,NA,NA,NA,0,NA,NA
"COR-L88",0,0,0,1,0,0,1,1,0,0,0,0,0,1,0,0,1,0,0,1,1,0,1,0,1,NA,NA,NA,NA,NA,NA
"CP66-MEL",1,1,1,0,1,0,1,0,1,0,1,0,0,1,1,0,0,1,0,0,1,1,0,0,1,NA,1,NA,0,0,0
"CP67-MEL",0,1,0,1,1,0,1,0,1,1,1,0,0,1,0,0,0,0,0,0,0,1,1,1,1,NA,1,NA,0,0,0
"CPC-N",1,0,0,0,1,0,0,1,1,0,0,0,0,0,0,0,1,1,0,1,1,0,1,0,1,NA,NA,NA,NA,NA,NA
"CRO-AP2",1,0,1,1,0,0,0,1,1,0,1,0,0,1,0,0,0,0,0,1,1,1,1,0,NA,NA,NA,NA,1,0,0
"CTB-1",1,0,0,0,0,0,1,0,0,0,0,1,0,0,0,1,1,1,0,1,1,0,0,0,NA,NA,1,0,NA,NA,0
"CTV-1",0,1,1,1,1,0,0,1,0,0,0,1,0,0,0,0,1,0,0,1,1,1,1,1,1,NA,NA,NA,1,NA,0
"CW-2",1,1,1,1,1,0,0,0,0,0,0,0,0,1,0,0,1,0,0,1,1,0,1,0,NA,NA,NA,NA,0,0,NA
"D-247MG",1,1,1,0,1,0,1,0,0,0,0,0,0,1,0,0,0,1,1,0,1,1,1,1,1,NA,1,0,NA,0,0
"D-263MG",1,0,1,1,1,0,0,1,0,0,0,1,0,1,0,1,1,0,0,0,1,1,1,0,1,NA,1,NA,NA,0,0
"D-283MED",1,1,0,0,1,0,1,1,0,0,1,0,0,1,1,0,0,0,0,1,1,1,0,0,NA,NA,1,NA,0,NA,0
"D-336MG",1,1,0,1,1,0,1,1,0,0,0,0,0,1,0,0,0,0,1,0,0,1,1,0,1,NA,NA,0,NA,0,0
"D-392MG",1,1,0,0,1,0,1,1,0,0,0,0,0,1,0,0,0,0,1,1,0,0,1,1,1,NA,NA,0,0,0,0
"D-423MG",1,1,1,1,1,0,1,1,0,0,0,0,0,1,0,0,0,1,0,0,1,0,1,1,1,NA,1,0,0,0,0
"D-502MG",1,0,0,0,1,0,0,1,1,0,0,0,0,0,0,0,0,0,1,1,0,0,1,0,1,NA,NA,NA,NA,0,0
"D-542MG",1,1,0,0,1,0,1,1,0,0,0,1,0,1,0,0,0,1,1,0,0,1,0,0,1,NA,NA,NA,NA,NA,NA
"D-566MG",0,1,0,0,0,0,0,1,0,0,0,1,0,1,1,0,1,1,0,0,1,0,1,0,1,NA,NA,NA,NA,NA,0
"Daoy",1,1,0,1,1,0,0,1,1,0,0,1,0,1,0,0,1,0,0,1,0,0,1,1,1,NA,1,NA,0,0,0
"Daudi",1,1,1,1,1,0,0,1,0,0,0,1,0,1,0,1,1,1,0,1,1,0,1,0,NA,NA,NA,1,NA,NA,0
"DB",1,0,1,1,1,0,0,0,0,0,0,0,0,1,0,0,1,0,0,1,1,0,0,0,NA,NA,NA,NA,NA,NA,0
"DBTRG-05MG",1,1,1,0,1,0,0,1,1,0,0,0,0,1,0,0,1,0,0,1,0,1,1,1,1,NA,NA,NA,0,0,0
"DEL",0,0,1,1,0,0,0,1,1,0,1,0,0,1,0,0,1,0,0,1,1,1,1,0,1,NA,NA,NA,NA,0,NA
"DG-75",1,0,1,1,0,0,1,1,0,0,0,0,0,0,0,0,1,1,0,1,1,0,1,0,NA,NA,NA,NA,1,0,0
"DJM-1",0,1,1,1,1,0,1,1,1,0,1,0,0,1,0,1,0,1,0,0,0,1,1,1,NA,NA,NA,NA,0,NA,NA
"DK-MG",1,1,0,0,1,0,1,1,0,0,1,1,0,0,0,0,1,0,1,1,0,1,1,1,1,NA,1,NA,0,0,0
"DMS-114",0,1,0,1,1,0,1,0,0,0,0,0,0,1,0,0,0,0,0,1,1,0,0,0,1,NA,NA,NA,1,NA,NA
"DMS-273",0,0,0,0,1,0,0,1,0,0,0,0,0,1,1,0,1,0,0,0,1,0,1,0,1,NA,NA,1,NA,0,0
"DMS-53",1,0,1,1,1,0,0,1,1,0,0,1,0,1,0,0,0,0,0,1,0,1,1,0,NA,NA,NA,0,1,NA,0
"DOHH-2",1,0,1,0,0,0,0,0,0,0,0,0,0,1,1,1,1,1,0,1,1,0,1,0,NA,NA,NA,0,NA,NA,0
"DOK",0,0,1,0,0,1,1,0,1,0,1,1,0,1,0,0,1,1,1,1,0,1,0,0,1,NA,1,NA,0,NA,NA
"DoTc2-4510",1,0,1,0,1,1,1,1,0,0,1,1,0,1,0,0,0,1,0,0,1,1,1,0,1,NA,1,1,NA,NA,0
"DSH1",1,1,1,1,1,0,1,0,1,0,0,1,0,1,0,1,1,1,1,1,1,1,1,1,1,NA,1,NA,NA,NA,NA
"DU-145",0,1,1,0,1,0,0,0,0,0,1,0,0,1,0,1,1,1,0,1,0,1,1,1,1,NA,1,NA,NA,NA,0
"DU-4475",0,1,1,1,0,0,1,0,0,0,0,0,0,1,0,0,0,1,0,0,1,0,0,0,1,NA,NA,NA,NA,1,0
"EB-3",1,0,1,1,1,0,1,1,0,0,0,1,0,1,0,1,1,1,0,1,1,0,1,0,1,NA,NA,NA,NA,NA,0
"EB2",0,0,1,1,1,0,0,1,0,0,0,1,0,1,0,1,1,1,0,1,1,1,1,0,NA,NA,0,NA,1,NA,0
"EC-GI-10",1,1,0,1,1,1,1,1,0,0,1,0,0,1,0,0,1,0,0,1,1,1,0,1,1,NA,NA,NA,NA,0,0
"ECC12",0,1,0,1,0,0,0,1,0,0,1,0,0,1,0,0,0,1,1,1,1,0,0,0,NA,NA,1,NA,0,NA,0
"EFM-19",1,0,1,0,1,0,0,1,1,0,1,1,0,0,0,0,0,0,0,1,1,1,1,0,NA,NA,NA,NA,0,NA,NA
"EFO-21",0,0,1,1,1,0,0,1,1,1,0,1,0,1,0,0,1,1,0,0,1,0,1,0,NA,NA,NA,NA,1,NA,NA
"EFO-27",0,1,1,1,1,0,0,0,0,0,0,1,0,1,0,0,1,0,1,1,0,1,1,1,NA,NA,1,NA,NA,0,NA
"EGI-1",0,0,1,0,1,0,0,1,0,0,1,0,0,1,0,0,1,0,0,1,1,1,1,1,1,NA,NA,NA,NA,NA,NA
"EHEB",1,0,0,1,0,0,0,1,0,0,1,0,0,0,0,1,0,0,0,1,1,1,1,0,1,NA,NA,NA,NA,NA,0
"EKVX",0,0,1,1,0,0,0,1,1,0,1,1,0,1,0,0,0,0,0,0,0,1,1,1,NA,NA,1,0,1,NA,0
"EM-2",1,0,1,0,1,0,0,0,1,0,1,0,0,1,1,0,1,1,0,1,1,1,1,1,NA,NA,NA,1,1,NA,NA
"EoL-1-cell",0,1,1,1,1,0,0,1,0,0,1,0,0,0,1,1,1,0,0,1,1,0,1,0,NA,NA,0,NA,1,0,NA
"EPLC-272H",0,0,1,0,0,1,1,0,1,0,1,1,0,1,0,0,0,0,1,1,1,1,1,0,1,NA,NA,NA,1,NA,NA
"ES1",1,1,1,0,1,0,0,1,0,0,0,1,0,0,0,0,0,1,1,1,1,0,1,0,NA,NA,NA,0,NA,0,0
"ES3",1,1,0,0,1,0,0,1,0,0,0,1,0,1,1,0,0,1,0,1,1,0,1,0,NA,NA,1,0,NA,0,0
"ES5",1,1,0,1,1,0,0,1,1,0,0,1,0,0,0,0,1,1,0,1,1,0,1,0,NA,NA,1,NA,NA,NA,NA
"ES6",1,1,1,0,1,0,0,1,0,0,0,1,0,1,0,0,0,1,0,1,1,0,1,0,1,NA,NA,0,0,NA,0
"ES7",1,0,1,0,1,0,0,1,0,0,0,1,0,1,0,0,1,0,1,1,1,0,1,0,NA,NA,NA,0,0,NA,0
"ES8",1,1,0,0,1,0,1,0,0,0,0,1,0,1,0,0,1,0,1,1,1,0,1,0,1,NA,NA,0,NA,NA,0
"ESS-1",0,1,1,0,1,0,0,1,0,1,0,1,0,1,0,1,0,1,0,1,1,0,1,0,1,NA,0,NA,1,0,NA
"ETK-1",1,0,1,1,1,1,0,1,1,0,1,0,0,1,0,0,1,0,0,1,1,1,1,1,1,NA,NA,NA,0,0,NA
"EVSA-T",1,0,0,0,1,0,1,1,0,0,1,0,0,1,0,0,0,0,0,0,1,0,1,0,NA,NA,NA,NA,NA,NA,0
"EW-1",1,0,0,0,1,0,0,1,0,0,0,1,0,1,1,0,1,1,0,1,1,0,1,0,NA,NA,NA,0,NA,NA,0
"EW-11",1,0,0,0,1,0,0,1,1,0,0,0,0,1,0,0,0,0,0,1,1,0,1,0,1,NA,NA,0,NA,NA,NA
"EW-12",1,0,0,1,1,0,0,1,0,0,0,1,0,1,1,0,1,0,0,0,1,0,1,0,NA,NA,1,0,NA,0,0
"EW-13",0,1,1,0,1,0,0,1,0,0,0,1,0,1,0,0,0,0,0,1,0,0,0,0,NA,NA,1,0,NA,NA,0
"EW-16",1,0,1,0,1,0,1,1,1,0,1,1,0,1,0,0,0,1,0,0,1,0,1,0,NA,NA,NA,0,NA,NA,NA
"EW-18",0,0,0,1,1,0,1,1,1,0,0,1,0,1,0,0,1,1,1,1,1,0,1,0,NA,NA,1,1,NA,NA,0
"EW-22",1,0,0,1,1,0,0,1,0,0,0,1,0,1,0,0,1,1,0,1,1,0,1,0,1,NA,1,0,NA,NA,0
"EW-24",0,0,0,0,1,0,0,1,0,0,0,1,0,1,0,0,1,0,0,1,1,0,1,0,NA,NA,NA,NA,NA,0,0
"EW-3",1,0,0,1,1,0,0,1,1,0,0,1,0,1,1,0,0,1,0,1,1,0,1,0,NA,NA,1,1,NA,NA,0
"EW-7",1,0,1,0,1,0,1,1,0,0,0,1,0,0,0,0,0,1,0,1,1,0,0,1,NA,NA,1,0,NA,0,0
"FADU",0,1,1,1,1,1,1,1,1,0,1,1,0,1,0,0,1,0,0,1,1,0,0,1,1,NA,NA,NA,NA,0,NA
"FTC-133",0,1,1,0,1,1,1,0,0,0,0,0,0,1,0,0,1,0,0,0,1,0,0,1,NA,NA,NA,NA,NA,0,1
"G-361",1,1,1,1,1,0,1,0,1,0,1,0,0,1,0,1,0,1,1,0,1,0,0,0,1,NA,1,NA,0,0,0
"G-401",0,0,1,1,1,0,1,1,1,0,0,0,0,1,0,0,0,0,0,1,1,0,1,1,1,NA,NA,1,0,0,0
"GAK",1,1,0,1,1,0,1,1,1,0,1,0,0,1,0,0,0,0,0,1,1,0,1,1,1,NA,NA,NA,0,NA,0
"GAMG",0,1,1,1,1,1,1,1,0,1,0,1,0,1,0,0,1,0,1,1,0,1,0,1,1,NA,NA,NA,NA,0,0
"GCIY",1,0,1,1,1,1,1,0,1,0,1,1,0,1,0,0,0,0,1,1,1,1,0,0,NA,NA,NA,1,NA,0,0
"GCT",1,1,1,1,1,1,0,1,0,1,0,1,0,1,0,0,1,0,0,1,1,0,1,1,1,NA,NA,NA,0,NA,0
"GI-1",0,0,1,1,1,0,1,1,1,0,0,0,0,1,0,0,1,0,1,1,1,0,1,1,1,NA,NA,NA,NA,NA,0
"GI-ME-N",1,0,1,0,1,0,1,0,1,0,0,0,0,0,0,0,1,0,0,1,1,0,0,0,NA,NA,1,NA,NA,NA,0
"GMS-10",1,1,1,0,1,0,0,1,1,1,0,1,0,1,0,1,1,0,0,0,0,1,1,0,1,NA,1,NA,NA,0,NA
"GOTO",1,1,0,0,1,0,0,0,1,0,0,0,0,1,0,0,1,0,0,1,1,0,1,0,1,NA,NA,NA,NA,NA,0
"GP5d",1,1,1,0,1,0,0,0,0,0,0,0,0,1,0,0,1,0,0,1,1,0,1,0,NA,NA,1,NA,NA,0,NA
"GR-ST",0,0,1,1,0,0,0,1,0,0,0,0,0,1,0,0,1,1,0,1,0,0,1,0,1,NA,NA,NA,1,0,0
"GT3TKB",0,0,1,1,0,1,0,0,0,1,1,0,0,0,0,0,0,0,1,1,0,0,1,1,1,NA,NA,NA,NA,NA,0
"H-EMC-SS",0,0,1,1,0,0,1,1,0,0,0,0,0,1,0,0,1,0,0,1,1,1,0,0,NA,NA,1,NA,0,0,0
"H4",1,0,1,1,1,0,0,0,1,1,0,1,0,1,0,0,1,0,1,1,1,0,1,1,1,NA,NA,NA,0,NA,0
"H9",0,0,0,0,1,0,0,1,0,0,0,0,0,1,1,0,0,0,0,0,1,1,1,0,NA,NA,NA,1,0,0,0
"HC-1",0,0,1,1,0,0,0,1,0,0,0,0,0,1,0,1,1,1,0,1,1,0,1,0,NA,NA,0,NA,1,NA,0
"HCC1143",0,1,1,0,1,1,1,1,1,0,0,1,0,1,0,0,1,0,0,1,0,0,1,0,1,NA,1,NA,1,NA,0
"HCC1187",1,1,0,0,0,0,0,0,0,0,1,0,0,1,0,0,1,1,0,1,1,1,1,0,1,NA,NA,NA,NA,NA,NA
"HCC1395",0,1,1,0,1,0,1,0,0,1,0,0,0,1,0,1,1,1,0,1,1,0,0,1,1,NA,NA,NA,0,NA,0
"HCC1419",1,0,0,1,1,0,1,0,1,0,0,0,0,0,0,0,0,0,1,1,0,0,1,0,NA,NA,1,NA,0,NA,NA
"HCC1599",1,1,0,0,1,0,1,0,1,0,1,0,0,0,0,0,0,1,0,1,1,1,1,0,1,NA,NA,NA,NA,NA,0
"HCC1806",1,1,1,1,1,1,1,1,1,0,1,0,0,1,0,0,0,0,1,1,0,0,1,1,1,NA,1,NA,0,0,1
"HCC1937",0,0,1,0,1,0,1,1,0,0,0,0,0,1,0,0,0,0,0,1,0,1,1,1,1,NA,NA,NA,NA,NA,0
"HCC1954",1,1,1,0,1,0,0,1,1,0,0,1,0,1,0,0,1,0,0,0,0,1,0,1,NA,NA,1,NA,NA,NA,NA
"HCC2157",0,0,0,0,1,0,1,1,1,0,1,0,0,1,0,0,1,0,0,1,1,0,1,0,1,NA,1,NA,NA,0,NA
"HCC2218",1,0,1,0,1,0,1,0,0,0,1,0,0,1,0,0,0,1,0,1,1,0,1,0,NA,NA,NA,NA,NA,NA,0
"HCC2998",0,1,1,1,1,0,0,1,1,0,0,0,0,1,0,1,0,1,1,1,1,0,0,0,NA,NA,1,NA,NA,NA,NA
"HCC38",1,1,1,1,1,0,0,1,1,0,0,0,0,1,0,0,1,0,0,1,0,1,1,0,NA,NA,1,NA,0,NA,0
"HCC70",1,1,1,1,1,1,1,1,0,0,0,1,0,1,0,0,1,0,1,1,1,1,1,1,NA,NA,1,NA,0,NA,NA
"HCE-4",1,0,1,1,1,0,0,0,1,0,0,0,0,1,0,1,1,1,1,1,0,1,1,0,NA,NA,NA,NA,NA,0,0
"HCT-116",0,1,1,0,1,0,0,1,0,0,0,0,0,1,1,0,1,1,0,1,1,0,1,0,NA,NA,1,NA,1,NA,0
"HCT-15",0,1,1,1,0,0,0,1,0,0,0,0,0,1,0,1,0,1,0,1,1,0,1,0,NA,NA,1,NA,NA,NA,NA
"HD-MY-Z",0,1,1,0,1,0,0,1,0,1,1,1,0,1,0,0,0,1,1,0,1,0,1,0,1,NA,1,0,NA,0,0
"HDLM-2",1,0,0,0,1,0,1,1,0,1,1,1,0,1,0,1,0,1,0,1,1,1,1,0,1,NA,1,0,NA,NA,0
"HEC-1",0,1,1,1,1,0,1,0,0,0,0,0,0,1,0,0,1,0,1,1,1,0,1,1,NA,NA,NA,NA,NA,0,0
"HEL",0,0,1,1,1,0,0,1,1,0,0,1,0,1,0,0,1,0,0,1,1,1,1,0,NA,NA,0,NA,NA,0,NA
"HGC-27",1,0,0,0,1,0,1,0,0,0,0,0,0,1,1,0,0,0,0,1,1,0,0,0,NA,NA,1,NA,1,NA,0
"HH",1,0,1,1,0,0,0,0,0,0,1,1,0,1,0,1,0,0,0,1,1,0,1,0,1,NA,NA,NA,1,NA,0
"HL-60",0,0,1,1,0,0,0,0,1,0,1,0,0,0,1,1,0,1,0,1,1,0,1,1,NA,NA,NA,NA,NA,0,NA
"HLE",1,0,1,1,0,0,1,1,0,0,1,1,0,1,0,0,0,0,0,1,0,1,0,1,1,NA,NA,NA,0,0,0
"HMV-II",0,1,1,1,1,0,1,1,1,0,1,0,0,1,0,0,1,0,0,1,1,1,1,0,1,NA,1,NA,0,0,0
"HN",1,1,0,0,1,1,1,1,1,1,0,0,0,1,0,0,1,0,1,0,1,1,1,0,1,NA,1,1,0,NA,NA
"HO-1-N-1",1,1,1,1,1,1,0,1,1,0,0,1,0,1,0,0,0,0,0,0,1,1,1,0,1,NA,1,NA,0,NA,NA
"HOP-62",1,1,1,0,1,0,0,0,1,0,0,1,0,1,0,0,0,1,0,1,1,1,1,1,1,NA,NA,NA,NA,NA,NA
"HOP-92",1,0,1,0,1,0,1,0,0,0,0,0,0,0,0,0,0,1,1,0,0,0,1,1,NA,NA,1,0,0,0,NA
"HOS",1,1,1,0,1,0,0,0,1,0,1,0,0,1,0,0,1,0,1,1,0,0,1,1,1,NA,0,NA,NA,0,0
"HPAF-II",0,0,1,1,1,1,1,1,0,0,1,1,0,1,0,0,0,0,1,1,1,0,1,1,NA,NA,NA,NA,0,0,NA
"Hs-578-T",0,0,1,0,1,0,1,1,0,1,0,1,0,1,0,0,1,1,0,0,1,0,1,0,1,NA,1,NA,NA,0,0
"HSC-2",0,0,1,1,0,1,1,0,1,0,1,1,0,1,0,1,0,1,0,1,1,0,1,1,1,NA,NA,NA,NA,NA,0
"HSC-3",0,1,1,0,1,1,1,0,1,0,1,1,0,1,0,1,0,1,0,0,1,1,1,1,1,NA,NA,NA,0,NA,0
"HSC-4",1,1,1,0,1,1,1,1,1,1,1,0,0,0,0,1,1,1,0,0,1,1,1,0,1,NA,NA,NA,0,NA,NA
"HT",0,0,1,1,0,0,0,1,0,0,0,1,0,1,0,0,1,0,0,1,1,1,1,0,NA,NA,NA,NA,NA,0,0
"HT-1080",1,1,1,1,1,0,0,0,1,0,1,1,0,1,0,0,1,0,0,1,1,0,1,1,1,NA,1,NA,NA,0,0
"HT-1197",0,0,1,0,1,1,1,1,1,0,0,1,0,1,0,0,0,1,0,1,0,0,0,1,1,NA,NA,NA,NA,NA,0
"HT-1376",0,1,1,0,1,1,0,1,1,0,1,1,0,1,0,1,1,1,1,0,1,0,1,0,NA,NA,1,NA,NA,NA,0
"HT-144",1,1,1,0,1,0,1,1,1,0,1,0,0,1,0,0,1,0,0,1,1,0,1,1,1,NA,NA,NA,0,NA,0
"HT-29",1,0,1,0,1,0,0,1,1,0,0,0,0,1,0,0,0,0,1,1,1,0,0,0,NA,NA,1,1,NA,NA,NA
"HT-3",0,1,1,1,1,0,1,1,1,1,1,0,0,0,0,1,0,1,0,1,1,1,1,0,NA,NA,NA,NA,0,NA,1
"HT55",1,1,1,1,1,0,0,0,0,0,0,0,0,0,0,0,1,0,1,1,1,0,0,0,NA,NA,NA,NA,0,0,0
"HTC-C3",1,1,0,1,0,0,1,1,0,0,0,1,0,1,0,1,0,1,0,1,1,1,1,1,1,NA,1,NA,NA,0,0
"HuCCT1",0,0,1,0,1,1,0,0,0,0,0,1,0,1,0,1,1,1,1,1,1,0,1,0,1,NA,NA,NA,1,0,0
"HuH-7",0,1,0,0,1,0,0,1,0,0,1,0,0,0,0,0,1,0,0,1,1,0,1,1,NA,NA,NA,NA,0,NA,0
"HuO-3N1",1,1,0,1,1,0,1,0,0,1,0,1,0,1,0,0,0,0,1,0,1,1,0,1,1,NA,NA,NA,NA,NA,0
"HuO9",1,1,0,0,1,0,0,1,1,0,0,0,1,1,0,0,0,1,0,1,1,0,1,0,1,NA,1,0,0,NA,0
"HuP-T3",0,1,1,0,0,1,0,1,1,0,0,1,0,1,0,1,0,0,0,0,1,1,1,1,1,NA,NA,NA,NA,NA,NA
"HuP-T4",0,0,1,1,1,0,0,1,1,0,0,0,0,1,0,0,1,1,1,1,1,1,1,1,1,NA,NA,NA,NA,NA,0
"HUTU-80",1,1,0,1,1,0,1,1,0,0,0,0,0,1,0,0,1,0,0,1,1,0,1,0,1,NA,NA,NA,NA,0,0
"IA-LM",0,1,0,1,1,1,0,1,1,0,0,1,0,1,1,0,0,1,0,1,1,0,0,1,1,NA,NA,NA,NA,0,NA
"IGR-1",1,1,0,1,1,0,1,1,0,0,1,0,0,1,0,0,0,0,0,1,1,0,1,0,1,NA,NA,NA,0,0,0
"IGROV-1",0,1,1,1,1,0,0,0,0,0,0,0,0,1,0,0,1,1,0,0,1,1,1,0,NA,NA,NA,NA,NA,NA,0
"IM-9",0,0,1,0,1,0,0,1,0,0,1,1,0,0,0,1,1,1,0,0,1,0,1,0,1,NA,NA,0,1,NA,0
"IMR-5",0,1,0,0,0,0,0,0,1,0,0,0,0,0,0,0,1,0,0,1,1,0,0,0,NA,NA,NA,NA,0,NA,0
"IPC-298",0,1,0,1,1,0,1,1,1,0,1,0,0,1,0,0,0,0,1,1,1,0,0,0,1,NA,1,NA,NA,NA,0
"IST-MEL1",1,1,1,0,0,0,0,1,1,0,1,0,0,1,0,0,1,0,0,1,1,0,1,1,1,NA,NA,1,NA,NA,0
"IST-MES1",1,0,1,0,1,1,1,0,1,0,1,1,0,0,0,0,1,0,1,0,1,1,1,1,1,NA,NA,NA,NA,0,0
"IST-SL1",1,0,0,0,0,0,0,1,1,0,0,0,0,1,0,0,0,1,0,1,1,0,1,0,NA,NA,1,1,0,NA,NA
"IST-SL2",0,0,0,0,1,0,0,1,1,0,1,0,0,1,0,0,0,1,0,1,1,0,1,0,1,NA,1,NA,NA,NA,NA
"J-RT3-T3-5",0,0,1,1,0,0,0,1,0,0,0,0,0,1,0,0,0,1,0,1,1,1,1,0,1,NA,NA,NA,1,NA,0
"J82",1,0,1,0,0,0,0,1,0,1,0,0,0,1,0,0,0,1,0,0,1,0,1,0,1,NA,1,NA,NA,NA,NA
"JAR",0,1,1,0,1,1,0,1,0,0,0,0,0,1,0,0,0,0,0,1,1,0,1,0,1,NA,NA,NA,NA,0,0
"JEG-3",0,1,1,1,1,1,0,1,1,0,0,0,0,1,0,0,1,0,0,1,1,0,1,0,1,NA,NA,NA,NA,NA,0
"JiyoyeP-2003",0,1,1,1,1,0,0,1,0,0,1,1,0,1,0,0,1,0,0,1,1,1,1,0,1,NA,NA,NA,1,NA,0
"JVM-2",0,0,1,0,0,0,0,1,0,0,1,0,0,1,0,1,0,1,0,0,1,1,1,0,NA,NA,NA,NA,NA,NA,0
"JVM-3",0,1,1,0,0,0,0,1,0,0,1,0,0,1,0,1,1,0,0,1,1,1,1,0,NA,NA,NA,0,1,NA,0
"K5",1,1,1,0,1,0,0,0,0,1,0,1,0,1,0,1,0,1,1,0,1,0,1,0,1,NA,1,NA,0,0,NA
"KALS-1",1,1,0,1,1,0,1,1,1,1,0,0,0,1,0,0,1,0,0,1,1,0,1,0,1,NA,NA,NA,NA,NA,0
"KARPAS-299",0,0,1,1,0,0,0,0,1,0,1,1,0,1,0,1,1,0,0,1,1,1,1,0,1,NA,1,NA,NA,0,NA
"KARPAS-422",0,0,1,1,1,0,0,1,0,0,0,0,0,1,0,0,0,1,0,1,1,0,1,0,NA,NA,1,NA,NA,NA,NA
"KARPAS-45",1,0,1,0,1,0,0,1,1,0,0,0,0,1,0,0,1,0,0,1,1,1,0,0,1,NA,1,NA,1,NA,NA
"KASUMI-1",1,1,1,0,1,0,0,0,1,0,0,0,0,1,1,0,0,1,0,1,1,0,0,1,NA,NA,0,0,1,NA,NA
"KE-37",1,0,1,0,0,0,0,1,0,0,0,1,0,1,1,1,0,1,0,1,1,0,1,0,1,NA,NA,NA,NA,NA,NA
"KGN",1,1,1,0,0,0,0,1,0,1,0,1,0,1,0,1,0,1,1,0,1,0,1,1,NA,NA,NA,0,NA,NA,0
"KINGS-1",1,1,1,1,1,0,1,1,0,0,0,0,0,1,0,0,1,0,1,1,0,1,1,1,1,NA,1,NA,NA,NA,0
"KM-H2",1,0,1,1,1,0,1,1,0,1,0,1,0,1,0,1,1,1,0,0,1,0,1,0,1,NA,1,0,1,NA,0
"KM12",0,1,1,1,1,0,0,0,0,0,0,0,0,1,0,1,0,0,0,0,1,0,1,0,NA,NA,0,1,NA,NA,0
"KMOE-2",1,0,0,0,1,0,0,1,1,0,0,0,0,1,0,0,1,1,0,1,1,1,1,1,NA,NA,0,NA,1,NA,NA
"KNS-42",1,1,0,0,1,0,0,1,1,0,0,0,0,0,0,0,0,1,1,0,0,1,1,1,NA,NA,1,0,1,NA,0
"KNS-62",0,1,1,0,1,1,1,0,1,0,1,0,0,0,0,0,1,0,0,0,0,1,0,0,NA,NA,1,NA,NA,0,NA
"KNS-81-FD",1,1,1,0,1,0,1,1,1,0,0,1,0,0,0,0,1,1,1,0,1,1,1,0,NA,NA,0,0,NA,0,0
"KOSC-2",1,1,1,0,0,1,1,1,1,0,1,1,0,1,0,1,0,1,1,1,1,1,1,1,NA,NA,1,NA,0,NA,0
"KP-4",0,1,1,1,1,0,1,0,1,0,0,0,0,1,0,0,0,1,0,1,1,1,1,0,1,NA,NA,NA,1,NA,0
"KP-N-RT-BM-1",0,1,0,0,0,0,0,1,0,0,0,0,0,0,0,0,0,1,0,1,1,0,1,0,1,NA,NA,1,NA,NA,0
"KP-N-YN",0,1,0,0,1,0,1,0,1,0,0,0,0,0,0,0,0,1,0,1,1,0,1,0,1,NA,NA,NA,0,NA,0
"KP-N-YS",0,1,0,0,1,0,0,1,1,0,0,0,0,1,0,0,0,0,0,1,0,0,1,0,NA,NA,0,0,NA,NA,0
"KS-1",1,1,1,0,1,0,0,0,1,0,0,0,0,0,0,0,1,0,0,0,1,1,1,0,1,NA,1,NA,NA,0,0
"KU-19-19",0,1,1,1,1,1,0,1,1,0,1,1,0,1,0,0,0,1,0,1,1,0,1,0,1,NA,1,NA,0,NA,NA
"KURAMOCHI",0,1,1,1,0,0,1,1,1,0,1,1,0,0,0,0,1,0,0,1,1,1,1,1,NA,NA,NA,NA,0,0,0
"KY821",0,0,1,0,0,0,0,1,1,0,1,0,0,1,1,1,0,0,0,1,1,0,1,0,NA,NA,NA,NA,NA,NA,NA
"KYSE-140",0,1,1,1,0,1,1,1,1,0,0,1,0,1,0,0,1,1,1,1,1,0,0,0,1,NA,1,NA,NA,NA,0
"KYSE-150",0,0,0,0,1,1,1,1,0,1,1,0,0,1,0,0,0,1,0,1,1,0,1,0,NA,NA,NA,NA,NA,NA,0
"KYSE-270",1,0,0,0,0,1,0,0,1,0,1,1,0,1,1,0,0,1,0,1,1,1,1,1,NA,NA,NA,NA,NA,NA,NA
"KYSE-410",1,1,1,0,0,0,1,0,1,0,0,0,0,1,0,0,0,1,1,1,1,0,1,1,1,NA,NA,NA,NA,NA,NA
"KYSE-450",1,0,0,0,0,1,1,0,1,0,1,0,0,1,1,0,1,1,0,1,1,0,1,0,NA,NA,1,NA,0,0,0
"KYSE-510",1,0,1,1,1,0,1,1,1,0,1,1,0,1,0,0,0,0,0,1,1,1,1,1,1,NA,NA,NA,NA,0,0
"KYSE-520",1,0,0,0,1,1,1,1,1,0,1,0,0,1,0,0,0,1,1,1,0,0,1,1,1,NA,1,NA,0,0,0
"KYSE-70",0,0,1,0,1,1,1,1,1,0,1,0,0,1,0,0,1,1,1,1,1,0,0,0,1,NA,NA,NA,NA,0,0
"L-363",1,0,1,0,0,0,0,1,0,0,1,0,0,1,1,1,0,1,0,1,1,0,1,0,NA,NA,NA,1,1,NA,0
"L-428",1,0,1,1,0,0,0,1,0,0,1,0,0,1,0,1,0,0,0,1,1,1,1,0,1,NA,1,1,NA,NA,0
"L-540",0,0,1,1,0,0,0,1,1,0,1,1,0,1,0,1,1,1,0,1,1,1,1,0,1,NA,NA,NA,0,0,0
"LAMA-84",0,0,1,1,1,0,0,1,1,1,1,0,0,1,0,0,0,1,0,1,1,1,1,1,NA,NA,NA,NA,NA,NA,NA
"LAN-6",1,0,0,0,1,0,1,1,1,0,0,0,0,1,0,0,0,1,1,1,0,0,1,0,NA,NA,1,NA,1,NA,0
"LB1047-RCC",1,0,1,0,1,0,1,1,0,1,0,1,0,1,0,0,0,1,0,1,0,1,1,1,NA,NA,NA,0,NA,NA,0
"LB2241-RCC",1,1,1,0,0,1,1,0,1,1,1,1,0,1,0,0,1,1,1,0,1,0,0,0,1,NA,NA,NA,0,0,0
"LB2518-MEL",1,0,1,0,1,0,1,1,1,0,1,0,0,1,0,1,1,0,1,0,1,0,1,0,1,NA,1,NA,NA,0,0
"LB373-MEL-D",1,1,1,0,1,0,0,0,1,0,1,0,0,1,0,1,0,1,0,0,1,1,1,0,1,NA,1,NA,NA,0,0
"LB647-SCLC",0,1,0,0,0,0,0,1,0,0,0,0,0,1,0,0,0,1,0,1,1,0,1,0,NA,NA,NA,NA,0,NA,0
"LB771-HNC",1,0,1,1,1,0,0,1,1,0,0,0,0,1,0,0,1,1,1,1,1,0,0,1,1,NA,1,NA,0,NA,0
"LB831-BLC",1,0,1,0,1,0,0,1,0,1,0,0,0,1,0,1,0,1,1,0,0,1,1,1,NA,NA,NA,NA,0,0,NA
"LB996-RCC",1,0,1,0,1,0,1,0,0,1,0,1,0,1,0,1,0,1,1,1,0,1,1,1,1,NA,NA,0,NA,NA,0
"LC-1F",1,1,1,0,1,0,0,1,1,0,1,0,0,0,0,0,0,1,0,1,1,0,1,1,NA,NA,NA,NA,1,NA,0
"LC4-1",0,1,1,0,1,0,1,1,0,0,0,1,0,1,0,1,1,1,0,1,1,0,0,0,1,NA,NA,0,NA,0,NA
"LCLC-103H",0,0,1,1,1,0,1,0,0,1,0,1,0,1,0,0,1,0,1,1,1,0,1,0,1,NA,NA,NA,0,0,0
"LCLC-97TM1",0,1,1,0,1,0,1,1,0,0,0,0,0,1,1,1,0,1,1,1,1,1,1,1,NA,NA,NA,1,NA,0,NA
"LK-2",0,1,0,1,1,0,0,1,1,0,0,0,0,1,0,0,1,1,0,1,1,0,1,0,1,NA,0,NA,NA,NA,0
"LN-405",1,0,0,1,1,0,0,1,1,0,1,0,0,1,0,0,1,0,1,1,0,1,1,1,1,NA,1,0,NA,0,0
"LNCaP-Clone-FGC",1,1,0,0,1,0,1,1,0,0,1,0,0,1,0,0,1,0,0,1,1,0,1,0,NA,NA,NA,NA,NA,0,0
"LOUCY",1,0,1,0,1,0,0,1,1,0,0,1,0,0,0,1,1,0,0,1,1,1,1,0,NA,NA,0,NA,NA,NA,NA
"LoVo",0,1,1,0,1,0,0,0,0,0,0,0,0,1,0,0,0,0,1,1,1,0,0,0,1,NA,NA,NA,0,0,NA
"LOXIMVI",0,0,1,0,0,0,0,1,1,0,0,0,0,0,0,0,0,0,0,0,1,1,1,1,NA,NA,0,NA,NA,NA,NA
"LS-1034",0,1,1,0,1,0,0,1,0,0,1,1,0,0,0,0,0,0,0,1,1,0,1,0,NA,NA,NA,NA,NA,NA,NA
"LS-123",0,1,1,0,1,0,0,1,0,0,0,0,0,1,0,0,1,1,1,1,0,0,1,0,NA,NA,1,NA,0,0,0
"LS-411N",0,1,1,0,0,0,0,0,0,0,1,0,0,1,0,0,0,0,0,1,1,0,1,1,NA,NA,0,1,1,NA,0
"LS-513",0,1,1,1,1,0,1,1,0,0,0,1,0,1,0,0,1,0,1,1,1,1,1,0,NA,NA,NA,NA,NA,0,NA
"LU-134-A",0,0,0,0,1,0,0,0,0,0,0,0,0,1,0,0,0,0,0,1,0,0,1,0,1,NA,NA,NA,NA,NA,1
"LU-135",1,0,0,0,0,0,0,1,0,0,0,0,0,1,0,0,1,1,0,1,1,0,1,0,1,NA,NA,0,0,NA,0
"LU-139",0,0,0,0,1,0,1,1,1,0,0,0,0,1,1,0,1,0,0,1,1,0,1,0,NA,NA,NA,NA,NA,NA,0
"LU-65",1,1,1,0,1,1,0,1,1,1,1,0,0,1,0,0,0,0,1,1,1,1,1,1,1,NA,0,NA,NA,NA,0
"LU-99A",1,1,1,1,1,1,0,1,0,0,0,0,0,0,0,0,0,0,1,1,1,0,0,1,1,NA,NA,NA,1,0,0
"LXF-289",1,1,1,0,1,1,0,0,1,1,0,1,0,1,0,0,1,0,1,1,1,1,1,0,1,NA,1,NA,NA,NA,NA
"M059J",1,0,1,0,1,0,0,1,0,1,0,0,0,1,0,0,0,1,0,1,0,0,1,1,1,NA,1,NA,NA,0,NA
"M14",0,1,1,0,1,0,0,0,1,0,1,0,0,1,0,0,0,1,0,0,1,1,1,0,1,NA,NA,NA,NA,0,0
"MC-IXC",1,0,1,0,1,0,0,1,0,0,0,1,0,1,1,1,0,1,1,1,1,0,1,0,NA,NA,1,NA,NA,NA,0
"MCF7",1,1,0,0,1,0,1,1,1,0,0,0,0,0,1,1,1,1,0,0,1,0,1,0,NA,NA,1,NA,0,0,NA
"MDA-MB-157",0,0,1,1,1,0,1,1,0,0,0,1,0,1,0,0,0,1,1,0,1,0,1,0,1,NA,0,NA,0,0,NA
"MDA-MB-175-VII",1,1,1,0,1,0,1,1,0,0,0,0,0,0,0,0,0,1,1,1,1,1,1,0,NA,NA,1,0,0,NA,NA
"MDA-MB-231",0,1,1,0,1,0,0,1,0,1,0,0,0,0,0,0,1,1,0,0,1,1,1,0,1,NA,0,0,NA,NA,NA
"MDA-MB-361",1,0,0,0,1,0,1,0,1,0,1,0,0,0,0,0,0,0,0,1,0,0,1,1,NA,NA,NA,NA,NA,NA,NA
"MDA-MB-415",1,0,0,0,1,0,1,1,0,0,0,1,0,1,0,1,0,1,1,0,0,1,1,0,NA,NA,1,0,NA,NA,NA
"MDA-MB-453",1,0,1,1,0,0,0,0,0,0,0,0,0,1,0,0,0,1,0,1,0,0,1,0,NA,NA,1,NA,NA,NA,NA
"MDA-MB-468",0,1,1,0,1,1,0,0,0,0,0,1,0,1,0,0,1,0,0,0,1,1,1,0,1,NA,1,NA,NA,NA,NA
"ME-180",1,0,1,0,1,1,1,1,1,0,1,0,0,1,0,0,1,0,1,1,1,0,1,1,NA,NA,NA,NA,0,0,0
"MEG-01",0,1,1,1,0,0,0,1,0,0,0,1,0,1,0,0,1,1,0,0,1,1,1,1,NA,NA,NA,0,NA,NA,NA
"MEL-HO",0,1,1,0,1,0,1,1,1,0,1,0,0,1,0,0,1,0,0,0,0,0,1,0,1,NA,1,NA,NA,0,0
"MEL-JUSO",0,1,1,0,0,0,0,1,1,0,1,0,0,1,0,0,1,0,1,1,0,0,1,1,1,NA,1,NA,NA,0,0
"MES-SA",0,0,1,1,1,0,1,0,0,0,0,0,0,1,0,0,1,0,0,1,1,0,0,1,1,NA,1,NA,0,0,0
"Mewo",1,1,0,0,1,0,1,1,0,0,1,0,0,1,0,0,0,0,0,0,1,0,1,0,1,NA,1,NA,NA,0,0
"MFE-280",1,0,0,1,1,0,0,1,0,0,1,0,0,1,0,0,0,1,0,1,1,0,1,0,1,NA,NA,0,NA,0,NA
"MFE-296",1,1,1,1,1,0,0,0,0,0,0,0,0,1,0,0,0,0,1,1,1,0,1,0,NA,NA,1,NA,NA,0,NA
"MFH-ino",1,1,1,0,1,0,1,1,0,0,0,0,0,1,0,0,1,0,0,0,1,1,0,1,1,NA,1,NA,1,0,0
"MFM-223",1,0,0,1,1,0,0,0,0,0,1,0,0,1,0,0,1,0,0,1,0,0,1,0,NA,NA,NA,NA,NA,NA,0
"MG-63",0,0,1,1,1,0,1,1,1,0,1,1,0,1,0,0,0,0,0,1,1,1,1,1,1,NA,1,NA,NA,NA,0
"MHH-CALL-2",0,0,1,0,1,0,0,1,0,0,0,1,0,1,1,1,1,1,0,1,1,0,1,0,1,NA,NA,0,NA,NA,NA
"MHH-ES-1",1,0,1,1,1,0,1,1,1,0,0,1,0,1,0,0,1,0,0,1,1,1,0,0,NA,NA,NA,NA,NA,NA,0
"MHH-NB-11",0,0,0,0,0,0,0,1,1,0,0,1,0,1,0,0,0,1,0,1,1,0,0,0,1,NA,0,NA,0,NA,0
"MHH-PREB-1",0,0,1,1,1,0,1,1,0,0,0,1,0,1,0,0,1,1,0,1,1,0,1,0,1,NA,NA,NA,NA,NA,NA
"MIA-PaCa-2",1,1,1,0,1,0,1,1,1,0,0,0,0,1,0,0,1,1,1,1,1,1,1,1,1,NA,1,0,NA,NA,0
"MKN1",0,1,1,1,1,0,1,1,0,0,0,0,0,1,0,0,1,1,0,1,0,1,0,1,1,NA,1,NA,NA,0,0
"MKN28",0,1,1,1,1,1,1,1,1,0,0,1,0,1,0,0,0,1,0,1,0,0,1,0,NA,NA,1,NA,1,NA,NA
"MKN45",1,1,1,0,0,0,0,1,0,0,1,1,0,1,0,0,0,1,0,1,1,0,1,0,NA,NA,NA,0,NA,0,NA
"MKN7",0,1,1,1,0,0,0,0,1,1,0,0,0,1,0,0,0,1,0,0,0,1,0,0,1,NA,1,NA,NA,0,NA
"ML-2",1,0,0,1,0,0,0,1,1,0,1,0,0,1,0,0,1,0,0,1,1,0,1,1,1,NA,NA,NA,NA,NA,0
"MMAC-SF",1,1,0,0,1,0,1,0,0,0,1,0,0,1,0,0,0,0,0,1,1,0,0,0,1,NA,1,0,NA,0,0
"MN-60",0,0,1,1,1,0,0,1,0,0,0,1,0,1,1,1,1,1,0,1,1,0,1,0,NA,NA,NA,0,1,NA,0
"MOLT-13",0,0,1,0,0,0,0,1,1,0,0,1,0,1,0,0,1,1,0,1,1,1,1,0,1,NA,NA,NA,NA,NA,NA
"MOLT-16",0,0,1,0,0,0,0,0,0,0,0,0,0,1,0,1,1,0,0,1,1,0,1,0,NA,NA,NA,1,1,NA,NA
"MOLT-4",1,0,1,1,0,0,0,1,0,0,0,0,0,0,0,0,0,0,0,1,1,1,1,0,1,NA,NA,NA,NA,NA,NA
"MONO-MAC-6",0,0,1,0,0,0,0,0,0,0,1,0,0,1,0,0,0,1,0,1,1,0,1,0,1,NA,NA,NA,NA,0,NA
"MPP-89",1,0,1,1,1,0,0,1,1,1,0,0,0,1,0,0,0,0,0,0,0,1,1,1,1,NA,NA,NA,1,NA,NA
"MRK-nu-1",1,0,1,0,1,0,1,1,0,0,0,0,0,1,0,0,0,0,0,1,1,0,1,0,NA,NA,1,NA,NA,0,NA
"MS-1",1,0,0,0,0,0,1,1,1,0,0,0,0,1,1,0,1,0,0,1,1,0,1,0,1,NA,NA,1,NA,NA,0
"MSTO-211H",0,0,1,0,1,0,0,0,1,0,0,1,0,1,1,0,1,0,0,1,1,0,1,0,1,NA,NA,NA,NA,0,0
"MZ2-MEL",0,1,0,0,1,0,1,1,1,0,1,0,0,1,0,0,0,1,1,0,1,0,1,0,1,NA,1,NA,0,0,0
"MZ7-mel",0,1,1,0,1,0,0,1,1,0,1,0,0,0,0,0,0,1,0,0,0,0,1,0,1,NA,1,NA,NA,0,0
"NALM-6",1,0,1,1,0,0,1,1,0,0,0,0,0,1,0,0,1,0,0,1,1,0,1,0,NA,NA,1,0,1,NA,NA
"NB10",0,0,0,0,0,0,0,1,1,0,0,0,0,1,0,0,1,0,0,1,1,0,1,1,1,NA,NA,NA,NA,NA,0
"NB12",0,0,0,0,1,0,0,0,1,0,0,1,0,1,1,0,0,1,0,1,1,0,0,0,1,NA,NA,0,NA,NA,0
"NB13",0,1,0,1,0,0,0,0,1,0,0,0,0,1,0,0,1,0,0,1,0,0,1,0,NA,NA,1,NA,0,NA,0
"NB14",0,0,0,0,1,0,0,0,1,0,0,0,0,1,0,0,0,1,1,1,1,0,0,0,1,NA,NA,0,0,NA,0
"NB17",1,1,0,0,1,0,0,1,1,0,0,0,0,1,0,0,0,1,0,1,1,0,1,0,NA,NA,1,1,0,NA,0
"NB5",1,1,1,0,1,0,1,1,1,0,0,0,0,1,0,0,0,1,0,1,1,0,1,0,NA,NA,1,0,0,NA,0
"NB6",0,0,0,0,1,0,0,0,1,0,0,0,0,1,0,0,0,1,0,1,1,0,1,0,NA,NA,NA,1,0,NA,0
"NB69",1,1,1,0,1,0,0,1,1,0,0,0,0,1,1,0,0,0,0,0,1,0,1,0,NA,NA,NA,NA,NA,NA,0
"NB7",0,0,0,0,1,0,0,1,1,0,0,0,0,1,0,0,1,1,0,0,0,0,1,0,NA,NA,1,0,1,0,0
"NBsusSR",0,0,0,0,1,0,0,1,0,0,0,1,0,1,0,0,0,0,0,0,1,0,0,0,NA,NA,0,0,NA,NA,0
"NCI-H1048",1,1,0,1,1,0,0,1,0,0,0,0,0,1,0,0,1,0,0,1,1,0,1,0,1,NA,0,NA,NA,0,NA
"NCI-H1092",1,0,0,1,0,0,1,1,0,0,0,0,0,1,0,0,0,0,1,1,1,0,1,0,1,NA,NA,NA,NA,NA,0
"NCI-H1155",0,0,0,1,0,0,0,0,1,0,1,0,0,1,0,0,1,0,0,1,0,0,1,1,1,NA,NA,NA,NA,NA,NA
"NCI-H1299",0,1,0,1,0,0,1,0,0,0,0,0,0,1,0,0,1,0,0,1,1,0,0,1,1,NA,1,NA,0,0,0
"NCI-H1355",1,0,1,1,1,0,0,1,1,0,1,1,0,1,0,0,0,0,0,1,1,1,1,1,NA,NA,0,NA,NA,0,0
"NCI-H1395",1,0,1,1,1,0,0,1,1,0,1,0,0,0,1,0,0,0,0,1,1,1,1,0,NA,NA,0,1,0,NA,0
"NCI-H1437",1,0,1,1,1,0,0,0,1,0,1,1,0,1,0,0,0,1,0,1,0,0,1,0,NA,NA,NA,NA,NA,0,0
"NCI-H1563",1,0,1,0,0,1,0,1,0,0,0,0,0,1,0,0,0,0,1,0,1,1,0,1,1,NA,NA,NA,0,0,0
"NCI-H1573",1,0,1,1,1,1,1,0,1,0,1,0,0,1,0,0,0,1,0,1,0,1,0,1,NA,0,1,NA,NA,NA,0
"NCI-H1650",0,1,1,0,1,1,1,1,0,0,1,1,0,1,0,0,0,0,0,1,1,1,1,1,1,NA,NA,NA,0,NA,NA
"NCI-H1666",0,1,1,0,1,0,0,1,0,0,0,0,1,0,1,0,0,0,0,0,1,1,0,0,1,NA,NA,NA,0,NA,NA
"NCI-H1693",0,1,1,1,1,1,0,1,1,0,0,1,0,1,0,0,0,1,0,0,0,0,1,0,NA,NA,0,NA,0,NA,0
"NCI-H1703",0,1,1,1,1,0,1,1,0,0,0,1,0,1,0,0,0,0,1,1,0,1,1,1,1,NA,1,NA,NA,NA,0
"NCI-H1755",1,0,1,1,1,0,1,1,1,1,1,1,0,1,0,0,0,0,1,1,0,1,1,1,1,NA,1,NA,NA,NA,NA
"NCI-H1770",1,0,0,0,0,0,0,1,1,0,0,0,0,1,0,0,0,0,0,1,1,0,1,0,1,NA,NA,NA,0,NA,0
"NCI-H1792",1,1,1,0,1,0,1,1,1,0,1,0,0,1,0,0,0,0,0,1,1,0,1,1,1,NA,NA,NA,NA,0,0
"NCI-H1793",1,1,1,0,1,0,0,1,0,0,1,0,0,0,0,0,0,1,0,1,1,1,1,0,NA,NA,1,NA,NA,NA,0
"NCI-H1838",0,1,1,0,1,1,0,1,1,0,1,0,0,1,0,0,1,0,1,1,0,1,1,1,1,NA,1,NA,1,0,NA
"NCI-H1975",0,1,1,0,1,0,1,1,0,0,1,0,0,0,1,0,1,1,0,0,0,0,1,0,NA,NA,NA,NA,NA,NA,NA
"NCI-H1993",1,0,1,1,1,0,0,0,1,0,1,1,0,1,0,0,0,0,0,1,0,0,1,0,NA,NA,NA,NA,NA,NA,0
"NCI-H2009",0,0,1,1,1,0,1,1,0,0,1,1,0,1,0,0,0,1,0,1,1,1,1,1,NA,NA,NA,NA,NA,NA,0
"NCI-H2029",1,1,0,1,0,0,0,1,0,0,0,1,0,1,0,0,0,0,0,0,0,0,1,0,1,NA,NA,1,0,NA,NA
"NCI-H2030",1,0,1,1,1,0,1,0,1,1,1,1,0,1,0,0,0,0,0,1,0,1,0,0,1,NA,NA,NA,0,0,0
"NCI-H2052",1,0,1,0,0,1,0,0,1,1,0,1,0,1,0,0,0,1,0,0,1,0,1,0,1,NA,1,NA,0,NA,0
"NCI-H2081",1,0,0,0,1,0,1,1,0,0,0,0,0,1,1,0,0,1,1,1,1,0,1,0,1,NA,NA,NA,0,NA,NA
"NCI-H2087",0,0,1,0,1,1,1,1,1,0,1,0,0,1,0,0,1,1,0,0,1,0,0,0,NA,NA,NA,NA,NA,0,0
"NCI-H209",0,0,0,0,1,0,0,0,0,0,0,0,0,1,0,0,0,1,0,1,1,0,0,0,1,NA,1,NA,0,NA,1
"NCI-H2126",0,0,1,1,1,0,0,1,1,0,0,1,0,1,0,0,0,1,0,1,1,1,1,1,NA,NA,1,0,1,0,0
"NCI-H2141",1,1,0,0,1,0,0,1,0,0,0,0,0,1,0,0,0,1,1,1,0,0,1,0,1,NA,NA,NA,NA,NA,NA
"NCI-H2170",1,0,1,1,1,0,0,1,1,0,1,0,0,1,0,0,1,0,1,1,1,1,0,1,1,NA,NA,NA,1,NA,NA
"NCI-H2171",1,0,0,0,1,0,1,1,1,0,0,0,0,1,1,0,0,1,0,1,0,0,1,0,1,NA,NA,NA,0,NA,0
"NCI-H2196",1,0,1,1,1,0,1,0,0,0,0,0,0,1,0,0,0,1,0,1,0,0,1,0,1,NA,NA,NA,NA,0,1
"NCI-H2227",1,0,0,1,1,0,0,0,0,0,0,0,0,0,0,0,1,0,0,1,1,0,0,0,1,NA,NA,1,0,NA,NA
"NCI-H2228",1,0,1,0,1,0,0,1,0,0,1,0,0,1,0,1,0,1,1,1,0,0,1,1,1,NA,0,NA,NA,0,0
"NCI-H226",1,0,1,0,1,1,1,0,1,1,0,1,0,1,0,1,1,0,0,0,0,1,1,1,1,NA,0,0,1,NA,0
"NCI-H2291",0,1,1,0,1,1,1,1,0,0,0,0,0,1,0,1,0,1,1,1,1,0,1,1,NA,NA,NA,NA,0,0,NA
"NCI-H23",0,0,1,1,1,0,1,0,1,0,1,0,0,1,0,0,0,1,0,1,0,1,0,1,NA,NA,NA,NA,NA,NA,0
"NCI-H2342",1,0,1,0,1,0,1,0,0,1,1,0,0,1,0,1,0,1,0,0,0,1,0,0,1,NA,1,NA,NA,0,NA
"NCI-H2347",1,1,1,0,0,0,1,1,0,0,1,0,0,0,0,0,0,0,1,1,1,0,1,1,1,NA,1,NA,0,NA,NA
"NCI-H2405",0,0,1,0,1,1,1,0,0,0,0,1,0,1,0,1,0,1,1,1,0,0,0,1,NA,NA,1,NA,0,NA,0
"NCI-H2452",0,0,0,0,1,1,1,1,0,0,1,1,0,1,0,0,0,1,1,1,0,1,0,1,NA,NA,1,NA,1,0,0
"NCI-H250",1,1,0,1,1,0,0,1,0,0,0,0,1,1,0,0,0,1,0,0,1,1,1,0,1,NA,1,NA,0,NA,0
"NCI-H28",1,0,1,0,1,0,0,0,1,0,1,1,0,1,0,0,1,0,0,1,1,0,1,1,NA,NA,NA,NA,NA,NA,0
"NCI-H292",0,1,1,1,1,1,1,0,1,0,0,0,0,0,0,1,1,1,1,0,1,1,1,0,NA,NA,NA,0,NA,NA,NA
"NCI-H345",1,0,0,1,0,0,0,0,0,0,0,0,0,1,0,0,0,1,0,1,1,0,1,0,1,NA,NA,0,1,NA,0
"NCI-H358",0,1,1,0,1,0,0,1,1,0,0,0,0,1,0,1,0,1,0,1,0,0,1,0,1,NA,1,NA,0,NA,NA
"NCI-H378",1,0,0,0,1,0,0,1,1,0,0,0,0,1,0,0,0,1,0,1,1,0,1,0,1,NA,0,NA,NA,NA,0
"NCI-H441",0,1,1,1,1,0,1,1,0,0,1,0,0,1,0,0,1,0,0,1,1,1,1,1,1,NA,1,NA,NA,0,NA
"NCI-H446",1,0,0,0,1,0,0,1,0,0,0,0,0,1,0,0,0,1,0,1,1,0,0,0,1,NA,1,NA,NA,NA,0
"NCI-H460",1,0,1,1,1,0,0,1,1,1,0,1,0,1,0,1,0,0,0,1,1,1,1,0,1,NA,0,NA,1,NA,0
"NCI-H510A",1,0,0,1,1,0,0,1,0,0,0,0,0,1,0,0,0,1,0,1,1,0,1,0,1,NA,NA,0,0,NA,NA
"NCI-H520",1,1,1,1,1,0,0,1,0,0,0,0,1,1,0,0,0,0,0,1,1,1,1,0,1,NA,0,1,0,0,0
"NCI-H522",1,1,0,1,1,0,0,1,0,0,0,0,0,1,0,0,0,1,1,1,1,0,1,0,NA,NA,NA,NA,NA,NA,NA
"NCI-H524",1,1,0,0,1,0,0,1,1,0,0,0,0,1,1,0,0,0,0,1,1,0,1,0,1,NA,NA,NA,NA,NA,0
"NCI-H526",1,0,0,1,1,0,0,1,1,0,0,1,0,0,0,0,0,0,0,1,1,0,1,0,NA,NA,1,0,0,NA,0
"NCI-H596",0,0,1,0,0,1,1,1,0,0,1,0,0,1,0,1,0,1,1,0,0,0,0,1,NA,NA,1,NA,0,0,0
"NCI-H630",1,1,1,0,0,0,0,1,0,0,0,0,0,1,0,0,0,0,0,1,1,0,0,0,NA,NA,NA,NA,NA,NA,NA
"NCI-H64",1,0,0,1,1,0,0,1,0,0,0,0,0,1,0,0,1,0,0,1,1,0,1,0,1,NA,NA,NA,NA,NA,0
"NCI-H650",1,1,1,1,1,0,0,1,1,0,0,1,0,1,0,0,0,0,1,1,1,0,1,1,1,NA,1,NA,0,NA,NA
"NCI-H661",1,0,0,1,1,0,1,0,1,0,0,0,0,1,0,0,1,0,1,1,0,1,1,0,1,NA,NA,NA,NA,NA,0
"NCI-H716",0,0,0,1,1,0,1,1,0,0,0,0,0,1,0,0,0,0,1,1,1,0,1,0,1,NA,NA,1,0,NA,0
"NCI-H727",0,1,1,1,1,0,0,1,1,0,1,0,0,1,0,0,1,0,0,1,0,0,0,0,1,NA,NA,NA,0,0,NA
"NCI-H747",0,0,1,0,1,1,1,1,0,0,1,0,0,1,0,0,1,0,1,1,1,1,1,0,1,NA,NA,NA,NA,NA,NA
"NCI-H810",0,0,0,1,0,0,0,1,0,0,1,0,0,1,1,0,0,1,0,1,1,0,1,0,NA,NA,1,NA,NA,0,NA
"NCI-H82",0,0,0,0,1,0,1,1,1,0,0,0,0,1,1,0,0,0,0,1,1,0,1,0,1,NA,NA,NA,0,0,0
"NCI-H838",0,1,1,1,1,0,0,0,1,1,1,1,0,1,0,0,0,1,0,1,0,1,1,0,NA,NA,1,NA,NA,0,0
"NCI-N87",0,0,1,0,1,0,1,0,1,0,0,0,0,1,0,0,1,0,0,1,1,0,1,0,1,NA,1,NA,NA,NA,0
"NCI-SNU-1",0,1,1,0,0,1,1,0,0,0,0,0,0,1,0,0,1,0,0,1,1,0,0,1,NA,NA,NA,1,0,NA,0
"NCI-SNU-16",1,0,1,1,1,0,0,1,1,0,0,0,0,1,1,0,1,0,1,0,1,0,1,0,NA,NA,NA,1,NA,0,NA
"NCI-SNU-5",0,0,1,1,0,0,1,1,0,0,0,0,0,1,0,0,0,0,1,0,0,1,1,1,NA,NA,NA,0,0,0,0
"NEC8",1,1,1,0,1,0,0,1,1,0,1,0,0,1,0,0,0,1,1,1,1,0,1,0,NA,NA,1,0,0,NA,0
"NH-12",0,1,0,0,1,0,0,1,1,0,0,0,0,0,0,0,0,1,0,1,1,0,0,0,NA,NA,NA,1,NA,NA,0
"NKM-1",1,0,1,0,1,0,0,1,0,0,1,0,0,1,1,1,1,1,0,0,1,0,1,1,1,NA,1,NA,NA,NA,NA
"NMC-G1",1,1,0,0,1,1,0,1,1,0,1,0,0,1,0,0,0,0,1,1,1,1,0,1,1,NA,NA,NA,NA,0,0
"no-10",1,0,1,1,1,0,0,1,0,1,0,1,0,1,0,0,1,0,0,1,1,0,1,0,1,NA,1,NA,0,NA,0
"no-11",1,1,0,1,0,1,1,0,0,0,0,1,0,0,0,0,1,0,0,1,1,0,0,1,1,NA,NA,NA,NA,0,0
"NOMO-1",0,0,1,1,0,0,0,1,0,0,1,0,0,0,0,0,0,0,0,1,1,0,1,0,1,NA,NA,0,NA,NA,NA
"NOS-1",1,1,0,1,1,0,0,0,1,0,1,0,0,1,0,0,1,1,1,1,1,0,1,0,NA,NA,1,NA,NA,NA,0
"NUGC-3",0,1,1,1,0,1,0,0,0,1,0,1,0,1,0,1,1,0,0,1,1,0,1,0,NA,NA,1,NA,NA,NA,NA
"NY",1,1,1,1,0,1,0,1,0,0,1,1,0,1,0,0,0,1,0,1,1,0,1,0,1,NA,1,NA,NA,NA,0
"OAW-28",1,1,0,0,1,0,0,1,1,0,0,1,0,1,0,0,0,1,0,1,1,0,0,0,1,NA,1,NA,NA,NA,0
"OAW-42",0,0,1,0,1,0,1,1,0,0,1,0,0,1,0,0,0,0,0,0,1,1,1,1,NA,NA,NA,NA,1,NA,0
"OC-314",0,1,1,1,0,0,0,0,0,0,0,1,0,1,0,0,0,1,0,1,1,0,1,0,1,NA,1,NA,NA,0,0
"OCI-AML2",1,0,1,1,0,0,0,0,0,0,1,0,0,1,0,0,1,0,0,0,1,0,1,0,1,NA,NA,NA,NA,0,NA
"OCUB-M",1,0,0,0,1,0,0,0,0,0,0,0,0,1,0,0,1,0,1,1,0,1,1,1,NA,NA,1,NA,0,NA,0
"OE19",0,1,1,0,1,0,0,1,0,0,1,1,0,1,0,0,0,0,0,1,1,0,1,1,NA,NA,1,NA,0,NA,NA
"OE33",0,0,1,1,1,0,0,1,0,0,1,1,0,0,0,1,0,1,1,0,1,0,1,0,1,NA,1,NA,NA,0,NA
"OMC-1",1,0,0,1,1,0,1,1,0,0,1,1,1,1,0,1,0,0,1,1,1,1,1,0,NA,NA,NA,1,NA,NA,0
"ONS-76",1,1,1,1,0,0,1,0,1,0,1,0,0,1,0,0,0,0,0,0,1,1,1,0,NA,NA,NA,NA,NA,0,0
"OPM-2",1,0,1,0,0,0,0,1,0,0,1,0,0,1,1,0,0,0,0,1,1,0,1,0,1,NA,NA,NA,NA,NA,0
"OS-RC-2",1,0,1,1,1,1,1,1,0,1,0,1,0,1,0,0,0,1,0,0,1,0,1,0,1,NA,1,0,NA,0,0
"OVCAR-3",1,1,1,1,1,0,0,1,0,0,0,1,0,1,0,0,0,1,0,1,1,0,1,0,NA,NA,NA,NA,NA,NA,0
"OVCAR-4",0,0,1,0,0,0,1,1,0,0,0,1,0,1,0,0,0,1,0,1,1,1,1,0,NA,NA,1,NA,0,NA,NA
"OVCAR-5",0,1,1,1,1,1,0,1,1,0,1,0,0,1,0,0,0,0,1,1,0,0,1,1,1,NA,NA,0,NA,NA,0
"OVCAR-8",1,1,1,0,1,0,1,1,0,1,0,1,0,1,0,1,0,0,1,1,1,0,1,1,NA,NA,NA,NA,NA,0,NA
"P12-ICHIKAWA",0,0,1,0,1,0,0,1,1,0,0,1,0,1,0,0,1,0,0,0,1,1,1,0,1,NA,NA,NA,1,NA,NA
"P30-OHK",0,1,1,0,0,0,0,1,1,0,0,0,0,1,1,0,1,1,0,1,1,0,0,0,1,NA,NA,0,NA,0,NA
"P31-FUJ",0,0,1,0,1,0,0,1,0,0,1,0,0,1,0,1,0,0,0,1,1,0,1,0,NA,NA,NA,NA,1,NA,NA
"PA-1",1,1,1,1,1,0,0,1,1,0,0,0,0,1,0,0,0,0,0,1,1,0,1,0,1,NA,NA,NA,NA,NA,0
"PANC-03-27",0,0,1,0,0,1,0,1,0,1,0,1,0,1,0,1,0,1,1,1,1,0,1,1,1,NA,NA,NA,0,0,1
"PANC-08-13",0,1,1,1,0,0,0,0,1,0,0,0,0,1,0,0,0,1,0,1,1,0,0,1,1,NA,1,NA,NA,0,NA
"PANC-10-05",0,0,1,0,1,0,1,0,0,0,0,0,1,0,0,0,0,1,0,0,1,0,0,0,NA,NA,1,NA,NA,0,NA
"PC-14",1,0,1,1,1,1,1,0,1,0,0,1,0,1,0,0,1,0,1,1,0,0,1,1,1,NA,NA,0,NA,NA,NA
"PC-3",1,0,1,0,1,0,0,0,0,0,1,0,0,1,0,0,0,1,0,0,0,0,1,0,1,NA,NA,NA,NA,0,0
"PF-382",1,0,1,0,1,0,0,1,1,0,0,0,0,1,0,0,1,1,0,1,1,1,1,0,1,NA,1,1,1,NA,NA
"PFSK-1",1,0,1,1,1,0,1,1,1,0,1,0,0,1,0,0,1,0,1,1,1,1,1,1,1,1,NA,1,NA,0,0
"PSN1",1,1,1,1,0,0,0,1,0,0,0,1,0,1,0,0,0,0,0,1,1,0,1,1,1,NA,NA,0,NA,0,NA
"QIMR-WIL",1,0,1,0,1,0,1,1,0,0,1,0,0,1,0,1,1,0,0,1,1,0,1,0,1,NA,NA,NA,NA,NA,0
"Raji",1,0,1,1,1,0,0,1,0,0,0,0,0,1,1,1,1,1,1,1,1,0,1,0,NA,NA,NA,NA,NA,NA,0
"Ramos-2G6-4C10",0,0,1,1,1,0,0,1,0,0,0,1,0,1,0,0,0,0,0,1,1,0,1,0,NA,NA,NA,0,1,NA,0
"RCC10RGB",0,0,1,0,0,1,1,1,1,1,0,1,0,1,0,0,1,0,1,0,1,0,1,0,1,NA,0,NA,NA,NA,0
"RCM-1",1,1,1,0,0,0,0,1,0,0,1,1,0,1,0,0,0,1,0,1,1,0,1,0,NA,NA,1,NA,NA,NA,NA
"RD",1,0,0,1,1,0,1,1,1,0,0,0,1,1,0,0,1,0,0,1,0,1,1,1,1,NA,1,NA,NA,0,0
"REH",0,0,1,1,1,0,0,1,0,0,0,1,0,1,0,0,1,1,0,1,1,0,1,1,1,NA,NA,0,NA,NA,NA
"RERF-LC-MS",1,1,1,1,1,0,1,1,1,0,1,0,0,1,0,0,0,0,0,0,1,1,1,1,1,NA,NA,NA,NA,0,0
"RH-1",1,0,1,0,1,0,0,1,0,0,0,1,0,1,0,0,1,1,0,1,0,1,1,0,NA,NA,NA,0,NA,NA,0
"RH-18",0,1,0,1,1,0,1,1,0,0,0,0,0,1,0,0,1,1,0,0,1,0,1,0,1,NA,NA,0,1,NA,0
"RKO",0,1,1,0,1,0,0,0,0,0,0,0,0,1,1,1,0,1,0,1,1,0,1,0,1,NA,NA,NA,1,NA,NA
"RL",0,0,1,1,1,0,0,0,0,0,0,0,0,0,0,0,1,0,0,1,1,0,1,0,NA,NA,NA,NA,1,NA,0
"RMG-I",1,0,1,1,1,1,0,1,1,1,1,1,0,1,0,0,0,0,0,1,1,1,1,0,1,NA,NA,1,0,0,0
"RO82-W-1",1,1,0,0,1,0,0,1,1,0,0,1,0,1,0,0,0,1,0,0,1,0,0,0,1,NA,1,NA,1,NA,NA
"RPMI-2650",1,1,0,1,1,0,0,1,1,0,0,0,0,1,0,0,1,0,0,1,1,0,1,0,NA,NA,NA,NA,NA,NA,0
"RPMI-6666",0,0,1,0,1,0,0,1,0,0,1,0,0,1,0,1,1,0,0,1,1,0,1,0,1,NA,NA,NA,NA,NA,0
"RPMI-7951",1,1,1,0,1,0,0,1,0,0,0,0,0,1,0,0,0,1,1,0,0,0,1,0,1,NA,1,NA,NA,NA,0
"RPMI-8226",1,0,1,1,1,0,1,1,1,0,1,0,0,1,1,0,0,1,0,1,1,0,0,0,NA,NA,NA,NA,0,0,NA
"RPMI-8402",1,0,1,0,0,0,0,1,1,0,0,1,0,1,0,0,1,1,0,1,1,1,1,1,NA,NA,NA,NA,1,NA,NA
"RPMI-8866",0,0,1,1,0,0,0,1,0,0,1,0,0,1,0,1,1,1,0,1,1,0,1,0,1,NA,NA,1,NA,NA,0
"RS4-11",0,0,1,1,0,0,1,0,1,0,0,0,0,1,0,0,1,1,0,1,1,0,1,0,1,NA,NA,0,NA,NA,0
"RT-112",0,1,1,1,1,0,1,1,1,0,0,0,0,1,0,0,1,0,0,0,1,0,1,1,NA,NA,NA,NA,NA,NA,NA
"RVH-421",1,1,1,0,1,0,0,1,0,0,1,0,0,1,0,0,0,0,0,1,1,0,0,0,1,NA,1,NA,NA,0,NA
"RXF393",0,0,1,1,1,1,1,1,1,1,0,1,0,1,0,0,0,0,1,0,0,0,1,1,NA,NA,0,0,0,0,0
"S-117",1,1,0,1,1,0,0,1,0,0,0,1,0,1,0,0,0,0,0,0,1,0,1,1,1,NA,1,NA,0,0,NA
"Saos-2",1,1,1,1,1,0,0,1,1,0,0,1,0,1,0,0,0,1,0,1,1,1,1,0,1,NA,1,NA,NA,NA,NA
"SAS",1,1,1,0,1,1,1,0,1,0,0,0,0,0,1,1,0,1,1,1,1,0,1,1,1,NA,NA,NA,NA,NA,NA
"SBC-1",1,0,0,0,1,0,0,1,1,0,0,0,0,1,1,0,0,1,0,1,1,0,1,0,1,NA,NA,NA,0,NA,0
"SBC-5",0,0,0,1,1,0,0,1,1,0,0,0,0,1,0,0,0,1,1,0,1,0,0,0,1,NA,1,1,1,NA,0
"SCC-15",0,0,1,0,1,1,1,0,1,1,1,0,1,1,0,0,0,0,1,1,1,0,0,1,1,NA,NA,NA,0,0,0
"SCC-25",0,0,1,1,1,1,1,1,1,0,1,0,0,1,0,0,0,0,0,1,0,1,1,1,1,NA,1,NA,0,0,0
"SCC-3",0,0,1,0,0,0,1,1,1,0,0,0,0,1,0,0,0,0,0,1,1,1,1,0,1,NA,NA,NA,NA,0,NA
"SCC-4",1,0,0,0,1,1,1,1,1,0,0,0,0,1,0,0,1,1,1,1,1,0,1,0,1,NA,0,NA,0,1,1
"SCC-9",0,0,1,0,1,1,1,0,1,0,0,0,0,1,1,0,0,1,1,1,1,1,1,0,1,NA,NA,NA,0,0,NA
"SCH",1,1,0,1,0,1,0,1,0,0,0,0,0,0,0,0,0,1,0,1,1,0,1,0,NA,NA,NA,1,NA,NA,NA
"SF126",1,1,1,1,1,0,1,1,0,0,1,0,0,1,0,0,0,0,0,1,0,1,1,1,1,NA,NA,NA,NA,0,0
"SF268",0,1,0,0,0,0,0,1,0,1,0,1,0,1,0,1,1,1,0,1,0,1,1,0,1,NA,1,NA,NA,NA,0
"SF295",1,0,1,1,1,0,0,1,0,0,0,0,0,1,0,0,0,1,0,1,0,1,1,1,1,NA,1,NA,NA,NA,0
"SF539",1,1,1,0,1,0,1,0,0,0,0,1,0,1,0,0,0,1,0,0,0,1,1,0,1,NA,1,NA,NA,NA,NA
"SHP-77",1,0,1,0,1,0,0,1,1,0,0,0,0,1,0,0,1,1,1,1,1,1,1,0,NA,NA,NA,0,1,NA,NA
"SiHa",1,0,1,1,0,0,0,1,0,1,1,1,0,1,0,0,0,0,0,0,1,0,0,1,NA,NA,1,NA,0,0,0
"SIMA",0,0,0,0,0,0,0,0,0,0,0,0,0,1,0,0,0,1,0,0,0,0,1,0,1,NA,NA,NA,NA,NA,0
"SJRH30",1,1,0,1,1,0,0,1,1,0,0,0,0,1,0,0,1,0,0,1,1,0,1,0,1,NA,NA,1,0,NA,0
"SJSA-1",1,1,1,1,1,0,0,1,1,0,1,1,0,0,0,0,1,0,0,1,0,1,1,1,1,NA,NA,NA,NA,NA,0
"SK-CO-1",0,1,1,0,1,0,0,1,1,0,0,1,0,0,0,1,1,0,0,1,1,0,1,0,NA,NA,1,NA,0,0,NA
"SK-HEP-1",1,0,1,0,1,1,0,1,0,1,0,1,0,1,0,0,1,0,0,1,1,0,0,1,1,NA,1,NA,NA,0,0
"SK-LMS-1",1,0,0,1,1,1,1,1,0,0,0,1,0,1,0,0,1,0,0,0,1,0,1,0,1,NA,NA,NA,NA,0,0
"SK-LU-1",0,1,1,0,1,0,1,0,0,0,0,0,0,1,0,0,0,1,1,1,1,0,1,1,NA,NA,NA,0,NA,0,0
"SK-MEL-2",1,1,1,1,1,0,1,0,1,0,0,0,0,1,0,0,0,1,0,0,1,0,0,0,NA,NA,NA,NA,NA,NA,0
"SK-MEL-24",1,0,0,0,1,0,0,1,1,0,0,0,0,1,0,1,0,0,0,0,1,0,1,1,1,NA,NA,1,NA,NA,0
"SK-MEL-28",1,1,1,1,1,0,0,0,1,0,0,0,0,1,0,0,0,0,0,1,1,0,1,0,1,NA,1,NA,NA,NA,0
"SK-MEL-3",1,1,1,1,1,0,1,1,1,0,1,0,0,1,0,0,0,0,1,0,0,0,0,0,1,NA,1,NA,NA,0,0
"SK-MEL-30",0,1,1,1,1,0,1,1,1,0,1,0,0,1,0,0,0,0,0,1,0,0,1,0,1,NA,1,NA,NA,NA,0
"SK-MEL-5",0,1,1,1,1,0,1,1,1,0,1,0,0,1,0,0,0,1,0,0,1,1,1,0,1,NA,NA,NA,NA,NA,0
"SK-MES-1",1,0,1,1,1,1,0,1,0,0,1,0,0,1,0,1,0,1,1,0,1,0,1,0,1,NA,NA,1,NA,NA,0
"SK-MG-1",1,0,1,0,1,0,1,0,0,0,0,1,0,1,0,0,0,1,0,0,1,0,1,1,1,NA,NA,0,0,0,NA
"SK-MM-2",1,0,1,1,0,0,0,1,0,0,1,0,0,1,1,1,0,0,0,1,1,0,1,0,NA,NA,NA,0,NA,0,0
"SK-N-AS",1,0,1,0,1,0,1,1,1,0,0,0,0,1,0,0,0,0,1,1,1,1,0,1,1,NA,NA,NA,NA,0,0
"SK-N-DZ",1,0,0,0,1,0,0,1,1,0,0,0,0,1,0,0,1,0,0,1,1,0,1,0,1,NA,NA,1,0,NA,0
"SK-N-FI",1,0,0,1,0,0,0,1,0,0,0,0,0,1,0,0,0,1,0,1,1,0,1,0,NA,NA,1,NA,NA,NA,0
"SK-NEP-1",1,0,0,0,1,0,0,1,1,0,0,1,0,1,0,0,1,1,0,1,0,0,1,0,1,NA,NA,0,NA,NA,NA
"SK-OV-3",1,0,1,0,0,0,0,0,0,0,0,1,0,1,0,0,0,1,0,1,0,1,1,0,1,NA,1,0,NA,NA,0
"SK-UT-1",1,1,1,1,1,0,0,1,0,1,0,1,0,1,0,1,1,0,0,1,0,1,0,1,NA,NA,1,NA,NA,0,0
"SKG-IIIa",1,0,1,1,0,1,0,1,1,1,0,0,0,1,0,1,1,1,0,0,1,0,1,0,NA,NA,1,1,0,NA,0
"SKM-1",1,0,1,0,1,0,0,1,1,0,1,0,0,1,0,1,0,1,0,0,1,0,0,0,1,NA,NA,NA,1,NA,NA
"SN12C",0,1,1,1,0,1,0,1,0,1,0,1,0,1,0,0,0,1,0,0,1,1,0,0,NA,NA,1,1,NA,0,0
"SNG-M",1,1,1,0,1,1,0,1,0,1,1,1,0,1,1,0,1,0,0,1,1,0,1,0,NA,NA,NA,NA,NA,NA,0
"SNU-387",1,0,1,0,1,0,1,1,0,0,0,1,0,1,0,0,0,1,1,1,0,1,1,1,1,NA,NA,NA,NA,NA,0
"SNU-423",1,1,1,0,0,0,0,1,0,1,0,0,0,1,0,0,1,0,0,0,1,1,1,0,NA,NA,NA,NA,NA,NA,0
"SNU-449",1,0,1,0,0,1,1,0,1,0,1,1,0,0,0,0,1,0,0,1,1,0,1,1,1,NA,NA,NA,NA,0,0
"SNU-475",1,0,1,1,1,0,1,1,1,0,1,0,0,1,0,0,0,0,0,1,0,1,1,1,1,NA,NA,NA,0,0,0
"SNU-C1",0,1,1,0,0,0,0,1,1,0,0,1,0,1,1,0,0,0,0,0,1,0,1,0,NA,NA,NA,NA,1,0,1
"SNU-C2B",1,1,1,1,0,0,0,1,0,0,0,0,0,1,0,0,1,0,0,1,0,0,0,1,NA,NA,1,1,1,NA,NA
"SR",0,1,1,1,0,0,0,1,1,0,1,1,0,1,0,0,0,0,1,1,1,1,1,0,NA,NA,NA,NA,NA,NA,NA
"ST486",1,0,1,1,0,0,1,1,0,0,0,0,0,1,0,0,1,0,0,1,1,0,1,0,1,NA,NA,NA,1,NA,0
"SU-DHL-1",0,1,1,1,0,0,0,0,1,0,1,0,0,0,0,0,1,0,0,1,1,1,1,0,1,NA,NA,1,NA,0,NA
"SUP-T1",1,1,1,1,0,0,1,1,1,0,0,1,0,1,0,0,1,0,0,1,1,0,1,0,1,NA,NA,NA,1,NA,0
"SW1088",1,0,1,0,1,0,1,1,0,0,0,1,0,1,0,0,1,0,0,1,0,1,1,1,1,NA,1,NA,NA,NA,0
"SW1116",0,0,1,0,0,0,0,1,0,0,0,0,0,1,0,0,1,0,1,1,1,0,1,0,NA,NA,NA,NA,NA,NA,NA
"SW13",1,0,0,1,1,0,0,0,0,0,0,0,0,1,0,0,1,0,0,1,1,0,1,0,1,NA,NA,1,1,0,0
"SW1417",0,1,1,0,1,0,0,1,0,0,0,0,0,0,0,0,0,0,0,0,1,0,1,0,NA,NA,NA,NA,0,0,NA
"SW1463",0,1,1,1,0,0,0,1,1,0,0,0,0,1,0,0,1,0,1,1,1,0,1,1,NA,NA,NA,NA,NA,NA,NA
"SW1573",0,0,1,0,0,0,1,1,0,0,0,0,0,1,0,0,1,0,0,1,1,0,1,1,1,NA,NA,NA,0,NA,0
"SW1710",0,1,1,0,1,0,1,0,1,1,0,1,0,1,0,0,1,0,0,1,0,0,1,0,NA,NA,1,0,NA,0,0
"SW1783",1,0,0,1,1,0,1,0,0,1,1,0,0,1,0,0,1,0,1,0,1,1,1,1,1,NA,1,0,NA,0,0
"SW1990",1,0,1,1,1,1,0,1,0,0,0,0,0,1,0,0,1,0,0,1,1,0,1,1,1,NA,NA,NA,NA,NA,NA
"SW48",1,1,1,0,1,1,0,1,0,0,0,0,0,1,0,0,1,0,1,1,1,0,0,0,NA,NA,NA,NA,1,NA,0
"SW620",0,1,0,0,0,0,0,1,0,0,0,1,0,1,1,0,1,1,0,1,1,0,1,0,1,NA,NA,0,NA,NA,NA
"SW626",0,1,1,0,0,0,1,1,0,0,0,0,0,1,0,0,1,0,1,1,1,0,1,0,NA,NA,NA,1,NA,NA,1
"SW684",1,0,0,1,1,0,1,1,0,0,0,1,0,1,0,0,0,0,0,0,0,0,1,1,1,NA,1,NA,1,0,0
"SW780",0,0,1,1,0,0,1,0,1,0,0,1,0,1,0,0,1,0,1,1,1,0,0,1,1,NA,NA,NA,NA,NA,NA
"SW837",0,0,1,0,1,0,1,1,1,0,0,0,0,1,0,0,1,0,0,1,1,0,1,0,1,NA,1,NA,NA,NA,0
"SW872",1,1,1,0,1,0,1,1,1,0,0,0,0,1,0,0,1,0,0,0,1,1,1,1,1,NA,NA,NA,NA,0,0
"SW900",0,1,1,0,1,0,1,1,0,0,1,0,0,1,0,0,0,0,0,1,1,0,1,1,1,NA,NA,0,0,NA,0
"SW948",0,0,1,0,1,0,0,1,1,0,0,0,0,0,0,0,0,0,1,1,1,0,1,0,NA,NA,NA,1,NA,0,NA
"SW954",0,0,1,0,0,1,1,1,1,0,1,1,0,0,0,1,1,1,0,0,0,1,1,1,NA,NA,1,0,NA,NA,0
"SW962",1,0,1,1,1,0,1,1,0,0,0,0,0,0,0,0,1,0,1,0,1,1,1,1,1,NA,NA,1,0,NA,0
"SW982",1,1,1,0,1,0,0,0,1,1,0,1,0,0,0,0,1,0,0,0,1,1,1,1,1,NA,NA,NA,NA,0,0
"T-24",0,1,1,0,0,0,0,1,1,1,0,0,0,1,0,0,0,0,0,1,0,1,1,1,1,NA,NA,NA,NA,0,0
"T47D",1,1,1,0,1,0,1,0,1,0,1,1,0,1,0,0,0,1,0,0,1,1,1,0,NA,NA,NA,NA,1,NA,NA
"T84",1,0,1,0,0,0,1,1,0,0,0,1,0,1,0,0,0,1,0,1,0,0,1,0,NA,NA,1,NA,NA,0,NA
"T98G",1,0,0,0,1,0,1,1,0,0,1,1,0,1,0,0,1,0,1,0,1,1,0,1,1,NA,1,NA,NA,0,0
"TALL-1",0,0,1,0,1,0,0,1,1,0,0,1,0,1,0,0,1,0,0,1,1,0,1,0,1,NA,NA,1,NA,NA,0
"TC-YIK",0,1,0,0,0,0,0,1,0,0,0,0,0,1,1,0,0,1,0,1,1,0,1,0,NA,NA,1,0,0,NA,NA
"TCCSUP",1,0,1,0,1,0,1,1,0,1,0,0,0,1,0,0,0,1,1,1,1,0,1,1,1,NA,1,NA,1,NA,0
"TE-1",1,1,1,1,1,1,1,1,0,0,1,1,0,1,0,0,1,1,1,1,1,1,1,0,NA,NA,1,NA,0,NA,1
"TE-10",1,1,0,0,1,1,1,1,1,0,1,0,0,0,0,1,0,1,0,1,0,1,0,1,1,NA,1,NA,0,0,NA
"TE-11",1,0,1,1,1,1,1,1,1,0,1,0,0,1,0,0,0,1,0,0,1,0,1,0,1,NA,1,NA,0,NA,0
"TE-12",1,0,1,0,1,1,1,1,1,0,1,0,0,1,0,0,0,0,0,1,1,0,1,1,NA,NA,1,0,NA,NA,0
"TE-15",0,1,1,1,1,1,1,1,1,0,1,1,0,0,0,0,0,1,0,1,1,0,0,1,1,NA,1,NA,NA,NA,NA
"TE-5",1,0,1,0,1,1,1,1,1,0,1,0,0,1,0,1,0,1,0,1,1,1,1,1,NA,NA,1,0,NA,NA,1
"TE-6",1,1,1,0,1,1,0,1,1,0,1,0,0,1,0,0,1,1,0,1,1,0,1,0,1,NA,1,NA,NA,NA,NA
"TE-8",1,1,0,1,1,1,1,0,1,0,0,1,0,1,0,0,1,1,0,0,1,1,1,0,1,NA,1,NA,0,NA,0
"TE-9",1,0,1,1,1,1,1,1,1,0,1,0,0,1,1,0,0,0,0,0,1,0,1,1,1,NA,1,1,0,NA,0
"TGBC11TKB",1,1,1,0,1,0,0,1,0,0,0,0,0,1,0,1,1,1,0,1,1,0,1,0,NA,NA,1,NA,NA,NA,NA
"TGBC1TKB",0,1,1,0,1,0,1,0,0,0,0,0,0,0,0,0,0,0,0,1,1,1,0,0,NA,NA,NA,NA,0,0,NA
"TGBC24TKB",0,1,1,1,1,0,1,1,1,0,1,0,0,1,0,0,0,0,1,1,1,1,1,1,1,NA,NA,NA,NA,NA,0
"TGW",0,1,0,0,0,0,0,1,1,0,0,0,0,1,0,0,1,0,0,1,1,0,1,0,1,NA,NA,0,0,NA,0
"TK10",0,1,1,0,0,0,1,1,1,0,0,1,0,1,1,0,0,1,0,0,1,1,1,0,NA,NA,NA,0,NA,NA,0
"TT",1,0,1,0,1,0,0,0,0,0,1,0,0,1,0,0,0,0,0,1,0,0,1,0,NA,NA,NA,NA,NA,NA,NA
"TUR",1,0,1,0,0,0,1,1,1,0,1,0,0,1,0,0,0,0,0,1,1,1,0,1,NA,NA,NA,NA,NA,NA,NA
"TYK-nu",0,0,1,0,1,0,1,0,0,1,0,1,0,1,0,1,1,1,0,0,1,0,0,0,1,NA,NA,NA,NA,NA,0
"U-118-MG",1,1,1,0,1,0,1,1,0,0,1,1,0,0,0,0,0,0,0,1,0,1,1,1,1,NA,1,NA,0,0,0
"U-2-OS",1,1,1,0,1,0,1,1,1,0,0,0,0,1,0,0,0,0,0,1,1,0,1,1,1,NA,1,NA,0,NA,0
"U-266",1,0,1,1,0,0,0,1,0,0,1,0,1,1,0,0,0,1,0,1,1,0,1,0,1,NA,1,NA,NA,NA,0
"U-698-M",0,0,1,1,0,0,0,1,0,0,0,0,0,1,0,1,0,1,0,1,1,0,1,0,NA,NA,NA,1,1,NA,0
"U-87-MG",1,0,1,0,1,0,0,1,0,1,0,1,0,1,0,1,0,1,0,0,0,0,1,0,NA,NA,1,NA,0,0,0
"U031",1,1,1,0,1,1,1,0,1,1,0,1,0,1,0,1,1,1,1,1,1,1,1,0,1,NA,1,NA,NA,NA,0
"U251",1,0,0,1,1,0,0,1,1,0,0,0,0,1,0,0,0,1,1,0,1,1,0,0,1,NA,1,0,NA,0,0
"UACC-257",1,1,1,1,1,0,0,1,1,0,1,0,0,1,0,0,0,1,0,0,1,1,1,0,1,NA,1,NA,NA,0,0
"UACC-62",1,1,1,1,1,0,1,1,1,0,0,0,0,1,0,0,0,1,0,0,1,1,1,0,1,NA,1,NA,NA,NA,0
"UACC-812",1,1,0,1,1,0,1,1,1,0,0,0,0,1,0,0,0,0,1,0,0,1,1,1,1,NA,1,NA,NA,NA,0
"UM-UC-3",1,0,1,0,1,0,1,0,0,0,0,1,0,1,0,0,1,0,0,1,1,0,1,1,1,NA,NA,NA,1,NA,0
"UMC-11",1,1,1,1,1,0,0,1,0,0,0,0,0,1,0,0,0,0,0,1,1,1,1,0,NA,NA,NA,NA,NA,NA,NA
"VA-ES-BJ",1,0,1,0,0,0,1,0,0,0,0,1,0,1,0,0,0,0,1,1,0,1,1,0,NA,0,NA,NA,NA,0,0
"VM-CUB-1",0,0,1,0,1,1,1,0,0,0,0,0,0,1,0,0,0,1,0,1,1,0,1,1,1,NA,NA,0,NA,NA,0
"VMRC-RCZ",1,0,1,0,0,1,1,0,1,0,0,1,0,1,0,0,0,0,1,0,1,0,1,1,1,NA,NA,NA,NA,NA,0
"WM-115",0,1,0,0,1,0,0,1,0,0,0,0,0,1,0,1,1,0,1,0,0,0,1,1,1,NA,NA,NA,NA,0,0
"WSU-NHL",0,0,1,1,1,0,0,1,0,0,0,1,0,1,0,0,1,0,0,1,1,1,1,0,1,NA,NA,NA,1,NA,0
"YAPC",1,0,1,0,1,0,0,1,1,0,1,0,0,0,0,0,1,0,0,1,1,1,1,0,NA,NA,NA,NA,0,0,NA
"YH-13",1,0,1,0,1,0,1,1,0,0,1,0,0,1,0,0,1,0,1,0,1,1,1,1,1,NA,1,NA,0,NA,0
"YKG-1",1,0,0,0,1,0,1,1,0,0,1,0,0,1,0,0,1,0,1,1,1,0,1,0,1,NA,NA,NA,0,NA,0
"ZR-75-30",1,1,0,0,1,0,1,0,1,0,0,0,0,1,0,0,0,1,0,1,1,0,1,0,NA,NA,1,NA,NA,NA,0
